Per_capita_income,State,County_ID
DOUBLE,STRING,STRING
185180,AL,001
208260,AL,003
133160,AL,005
141050,AL,007
163250,AL,009
101630,AL,011
157150,AL,013
173670,AL,015
151470,AL,017
155430,AL,019
153030,AL,021
146350,AL,023
145810,AL,025
137850,AL,027
147620,AL,029
183210,AL,031
175330,AL,033
129640,AL,035
148750,AL,037
153650,AL,039
145650,AL,041
169220,AL,043
160100,AL,045
136380,AL,047
158180,AL,049
176500,AL,051
143960,AL,053
167830,AL,055
144390,AL,057
148140,AL,059
146200,AL,061
136860,AL,063
126610,AL,065
156810,AL,067
187590,AL,069
160000,AL,071
208920,AL,073
144350,AL,075
186260,AL,077
165150,AL,079
171580,AL,081
177820,AL,083
124570,AL,085
137140,AL,087
230910,AL,089
153080,AL,091
153210,AL,093
170890,AL,095
171780,AL,097
148620,AL,099
193580,AL,101
192230,AL,103
109480,AL,105
137460,AL,107
149040,AL,109
141470,AL,111
140150,AL,113
179600,AL,115
271760,AL,117
114910,AL,119
157040,AL,121
169090,AL,123
189980,AL,125
155460,AL,127
140810,AL,129
109030,AL,131
157380,AL,133
226600,US,000
184210,AK,013
240370,AK,016
252870,AK,020
126030,AK,050
222100,AK,060
262510,AK,068
160210,AK,070
215530,AK,090
220900,AK,100
267190,AK,110
209490,AK,122
239940,AK,130
221950,AK,150
153610,AK,164
211050,AK,170
154760,AK,180
205400,AK,185
152860,AK,188
183950,AK,201
236220,AK,220
199740,AK,232
166790,AK,240
230460,AK,261
87170,AK,270
234940,AK,280
225790,AK,282
137200,AK,290
202750,US,000
89860,AZ,001
159880,AZ,003
171390,AZ,005
163150,AZ,007
121390,AZ,009
158140,AZ,011
149160,AZ,012
222510,AZ,013
167880,AZ,015
116090,AZ,017
197850,AZ,019
160250,AZ,021
132780,AZ,023
197270,AZ,025
148020,AZ,027
169040,US,000
164010,AR,001
157020,AR,003
168590,AR,005
193770,AR,007
161750,AR,009
138950,AR,011
155550,AR,013
160030,AR,015
128250,AR,017
145330,AR,019
145120,AR,021
172500,AR,023
153620,AR,025
153220,AR,027
160560,AR,029
170910,AR,031
150150,AR,033
144240,AR,035
157260,AR,037
146100,AR,039
134460,AR,041
162640,AR,043
179880,AR,045
146160,AR,047
157120,AR,049
186310,AR,051
175470,AR,053
164030,AR,055
141030,AR,057
152160,AR,059
155860,AR,061
161630,AR,063
143970,AR,065
145640,AR,067
154170,AR,069
150970,AR,071
141280,AR,073
137850,AR,075
109830,AR,077
124790,AR,079
158990,AR,081
145270,AR,083
173970,AR,085
147360,AR,087
145880,AR,089
164440,AR,091
139780,AR,093
130960,AR,095
146680,AR,097
141840,AR,099
137880,AR,101
151180,AR,103
162160,AR,105
122880,AR,107
153850,AR,109
130870,AR,111
140630,AR,113
159180,AR,115
159070,AR,117
214660,AR,119
145020,AR,121
124830,AR,123
192140,AR,125
136090,AR,127
125360,AR,129
184240,AR,131
141220,AR,133
141430,AR,135
141340,AR,137
160630,AR,139
166030,AR,141
173470,AR,143
158900,AR,145
132690,AR,147
153830,AR,149
227110,US,000
266800,CA,001
244310,CA,003
224120,CA,005
175170,CA,007
214200,CA,009
147300,CA,011
306150,CA,013
145730,CA,015
255600,CA,017
154950,CA,019
140690,CA,021
172030,CA,023
132390,CA,025
196390,CA,027
157600,CA,029
158480,CA,031
168250,CA,033
147490,CA,035
206830,CA,037
146820,CA,039
449620,CA,041
181900,CA,043
194430,CA,045
142570,CA,047
172850,CA,049
234220,CA,051
201650,CA,053
263950,CA,055
240070,CA,057
258260,CA,059
279630,CA,061
193910,CA,063
186890,CA,065
211420,CA,067
209320,CA,069
168560,CA,071
229260,CA,073
345560,CA,075
173650,CA,077
218640,CA,079
360450,CA,081
230590,CA,083
327950,CA,085
263960,CA,087
177380,CA,089
188150,CA,091
175700,CA,093
217310,CA,095
257240,CA,097
169130,CA,099
174280,CA,101
157930,CA,103
168680,CA,105
140060,CA,107
210150,CA,109
246000,CA,111
193650,CA,113
141240,CA,115
240490,US,000
199440,CO,001
150370,CO,003
281470,CO,005
216830,CO,007
150680,CO,009
135670,CO,011
289760,CO,013
0,CO,014
194300,CO,015
178500,CO,017
281600,CO,019
120500,CO,021
107480,CO,023
128360,CO,025
198170,CO,027
171520,CO,029
241010,CO,031
171060,CO,033
348480,CO,035
320110,CO,037
249600,CO,039
220050,CO,041
174200,CO,043
213410,CO,045
261480,CO,047
251980,CO,049
214070,CO,051
223600,CO,053
152420,CO,055
178260,CO,057
280660,CO,059
163820,CO,061
169640,CO,063
185240,CO,065
215340,CO,067
236890,CO,069
168290,CO,071
155100,CO,073
167210,CO,075
187150,CO,077
244750,CO,079
185400,CO,081
170030,CO,083
171580,CO,085
154920,CO,087
151130,CO,089
243350,CO,091
250190,CO,093
163940,CO,095
408110,CO,097
141500,CO,099
171630,CO,101
173440,CO,103
156500,CO,105
287920,CO,107
131210,CO,109
175840,CO,111
353290,CO,113
161250,CO,115
286760,CO,117
234120,CO,119
177880,CO,121
189570,CO,123
160050,CO,125
287660,US,000
383500,CT,001
260470,CT,003
284080,CT,005
282510,CT,007
244390,CT,009
246780,CT,011
254740,CT,013
204430,CT,015
233050,US,000
186620,DE,001
254130,DE,003
203280,DE,005
286590,US,000
286590,DC,001
215570,US,000
184650,FL,001
151640,FL,003
187000,FL,005
142260,FL,007
214840,FL,009
231700,FL,011
123790,FL,013
218060,FL,015
185850,FL,017
208680,FL,019
311950,FL,021
145980,FL,023
140000,FL,027
135590,FL,029
207530,FL,031
186410,FL,033
218790,FL,035
161400,FL,037
144990,FL,039
139850,FL,041
153380,FL,043
144490,FL,045
105620,FL,047
124450,FL,049
136630,FL,051
183210,FL,053
172220,FL,055
218120,FL,057
141350,FL,059
272270,FL,061
139050,FL,063
170060,FL,065
130870,FL,067
201990,FL,069
245420,FL,071
210240,FL,073
147460,FL,075
172250,FL,077
125110,FL,079
223880,FL,081
178480,FL,083
295840,FL,085
184970,FL,086
261020,FL,087
228360,FL,089
209180,FL,091
145530,FL,093
209160,FL,095
170220,FL,097
288010,FL,099
184390,FL,101
234970,FL,103
183020,FL,105
156030,FL,107
286740,FL,109
187900,FL,111
200890,FL,113
283260,FL,115
245910,FL,117
168300,FL,119
146780,FL,121
152810,FL,123
123330,FL,125
196640,FL,127
176780,FL,129
181980,FL,131
149800,FL,133
211540,US,000
150440,GA,001
121780,GA,003
142890,GA,005
169690,GA,007
162710,GA,009
174240,GA,011
183500,GA,013
189890,GA,015
140930,GA,017
163750,GA,019
190580,GA,021
159340,GA,023
137130,GA,025
139770,GA,027
197940,GA,029
160800,GA,031
131360,GA,033
170160,GA,035
118390,GA,037
164450,GA,039
129580,GA,043
176560,GA,045
180090,GA,047
129200,GA,049
211520,GA,051
140490,GA,053
145080,GA,055
248710,GA,057
171230,GA,059
168190,GA,061
180790,GA,063
130230,GA,065
278630,GA,067
155300,GA,069
144570,GA,071
234960,GA,073
134650,GA,075
219490,GA,077
157680,GA,079
146950,GA,081
161270,GA,083
225200,GA,085
150630,GA,087
239680,GA,089
144680,GA,091
136280,GA,093
166450,GA,095
211720,GA,097
149360,GA,099
157270,GA,101
188730,GA,103
145350,GA,105
136270,GA,107
127580,GA,109
162690,GA,111
294640,GA,113
178080,GA,115
291140,GA,117
157670,GA,119
300030,GA,121
171470,GA,123
141850,GA,125
217070,GA,127
175860,GA,129
142780,GA,131
233890,GA,133
250060,GA,135
177060,GA,137
196900,GA,139
109160,GA,141
158230,GA,143
216800,GA,145
167140,GA,147
151320,GA,149
229450,GA,151
195150,GA,153
148670,GA,155
178080,GA,157
192490,GA,159
137800,GA,161
134910,GA,163
134000,GA,165
123840,GA,167
191260,GA,169
166660,GA,171
136900,GA,173
167630,GA,175
198970,GA,177
138550,GA,179
153510,GA,181
125860,GA,183
166830,GA,185
180620,GA,187
180050,GA,189
142530,GA,191
118200,GA,193
169980,GA,195
140440,GA,197
157080,GA,199
154350,GA,201
130420,GA,205
195800,GA,207
141820,GA,209
188230,GA,211
162300,GA,213
182620,GA,215
193170,GA,217
241530,GA,219
170890,GA,221
199740,GA,223
160310,GA,225
197740,GA,227
142300,GA,229
176610,GA,231
156170,GA,233
164350,GA,235
201610,GA,237
143010,GA,239
206080,GA,241
118090,GA,243
170880,GA,245
223000,GA,247
149810,GA,249
138940,GA,251
146350,GA,253
167910,GA,255
155290,GA,257
160710,GA,259
150830,GA,261
145390,GA,263
154980,GA,265
134390,GA,267
134320,GA,269
141970,GA,271
138940,GA,273
162110,GA,275
168330,GA,277
142520,GA,279
182210,GA,281
131220,GA,283
176260,GA,285
134540,GA,287
142590,GA,289
188450,GA,291
170530,GA,293
158670,GA,295
194700,GA,297
143840,GA,299
140220,GA,301
155650,GA,303
156280,GA,305
147720,GA,307
130050,GA,309
171930,GA,311
185150,GA,313
140140,GA,315
150200,GA,317
146580,GA,319
158560,GA,321
215250,US,000
187910,HI,001
219980,HI,003
137570,HI,005
203010,HI,007
220330,HI,009
178410,US,000
225190,ID,001
149080,ID,003
171480,ID,005
135920,ID,007
152850,ID,009
143650,ID,011
313460,ID,013
187870,ID,015
172630,ID,017
183260,ID,019
146360,ID,021
149480,ID,023
195500,ID,025
151550,ID,027
151790,ID,029
140870,ID,031
111410,ID,033
154630,ID,035
157830,ID,037
167730,ID,039
137020,ID,041
139650,ID,043
153400,ID,045
146120,ID,047
144110,ID,049
138380,ID,051
155300,ID,053
184300,ID,055
166900,ID,057
160370,ID,059
159420,ID,061
142570,ID,063
109560,ID,065
138130,ID,067
185440,ID,069
138290,ID,071
134050,ID,073
149240,ID,075
140070,ID,077
159340,ID,079
177780,ID,081
166780,ID,083
192460,ID,085
154640,ID,087
231040,US,000
178940,IL,001
160840,IL,003
179470,IL,005
215900,IL,007
146290,IL,009
195420,IL,011
167850,IL,013
186880,IL,015
165320,IL,017
197080,IL,019
179370,IL,021
176550,IL,023
157710,IL,025
191090,IL,027
173700,IL,029
232270,IL,031
168690,IL,033
169530,IL,035
194620,IL,037
204880,IL,039
184740,IL,041
313150,IL,043
178570,IL,045
161870,IL,047
183010,IL,049
153570,IL,051
188600,IL,053
154070,IL,055
173730,IL,057
155750,IL,059
152460,IL,061
225910,IL,063
162620,IL,065
174780,IL,067
159840,IL,069
174560,IL,071
187160,IL,073
184350,IL,075
157550,IL,077
166490,IL,079
166440,IL,081
195810,IL,083
214970,IL,085
179900,IL,087
243150,IL,089
190550,IL,091
251880,IL,093
179850,IL,095
321020,IL,097
191850,IL,099
170700,IL,101
186500,IL,103
183470,IL,105
179530,IL,107
158900,IL,109
264760,IL,111
222270,IL,113
200670,IL,115
172980,IL,117
205090,IL,119
172350,IL,121
190650,IL,123
173570,IL,125
163340,IL,127
215840,IL,129
186450,IL,131
229540,IL,133
162720,IL,135
182050,IL,137
185620,IL,139
205150,IL,141
212190,IL,143
159350,IL,145
210750,IL,147
159460,IL,149
164400,IL,151
133250,IL,153
197920,IL,155
176960,IL,157
168470,IL,159
201640,IL,161
189320,IL,163
155900,IL,165
231730,IL,167
171580,IL,169
169980,IL,171
173130,IL,173
167670,IL,175
197940,IL,177
215110,IL,179
164500,IL,181
167870,IL,183
167470,IL,185
169460,IL,187
191080,IL,189
157930,IL,191
164120,IL,193
192960,IL,195
246130,IL,197
177790,IL,199
211940,IL,201
219560,IL,203
203970,US,000
167040,IN,001
215440,IN,003
215360,IN,005
172200,IN,007
165430,IN,009
241820,IN,011
205480,IN,013
194360,IN,015
188920,IN,017
199360,IN,019
163640,IN,021
178620,IN,023
159260,IN,025
160150,IN,027
204310,IN,029
185820,IN,031
194480,IN,033
192330,IN,035
202250,IN,037
202500,IN,039
186240,IN,041
218520,IN,043
177790,IN,045
186240,IN,047
179490,IN,049
181690,IN,051
180030,IN,053
168340,IN,055
331090,IN,057
249660,IN,059
196430,IN,061
231290,IN,063
193550,IN,065
220490,IN,067
194800,IN,069
184000,IN,071
190120,IN,073
166860,IN,075
174120,IN,077
170590,IN,079
229760,IN,081
160850,IN,083
198060,IN,085
164810,IN,087
196390,IN,089
189130,IN,091
176530,IN,093
200900,IN,095
217890,IN,097
184270,IN,099
170540,IN,101
177260,IN,103
185340,IN,105
189380,IN,107
206570,IN,109
177550,IN,111
178960,IN,113
196270,IN,115
167170,IN,117
168840,IN,119
169860,IN,121
166730,IN,123
162170,IN,125
239570,IN,127
195160,IN,129
168350,IN,131
171630,IN,133
169540,IN,135
175590,IN,137
179970,IN,139
197560,IN,141
160650,IN,143
203240,IN,145
180000,IN,147
164660,IN,149
206470,IN,151
162340,IN,153
174660,IN,155
193750,IN,157
219260,IN,159
195490,IN,161
206550,IN,163
185790,IN,165
176200,IN,167
181920,IN,169
180700,IN,171
218930,IN,173
167480,IN,175
177270,IN,177
191580,IN,179
183230,IN,181
205190,IN,183
196740,US,000
172620,IA,001
155500,IA,003
165990,IA,005
146440,IA,007
174890,IA,009
188910,IA,011
188850,IA,013
199430,IA,015
191990,IA,017
184050,IA,019
160420,IA,021
170360,IA,023
174980,IA,025
185950,IA,027
170670,IA,029
192000,IA,031
191840,IA,033
179340,IA,035
182370,IA,037
164090,IA,039
194510,IA,041
169300,IA,043
177240,IA,045
158510,IA,047
229700,IA,049
151270,IA,051
142090,IA,053
173270,IA,055
197010,IA,057
219290,IA,059
196000,IA,061
166190,IA,063
172710,IA,065
170910,IA,067
187670,IA,069
180810,IA,071
168660,IA,073
191420,IA,075
197260,IA,077
188010,IA,079
179570,IA,081
175370,IA,083
176620,IA,085
181920,IA,087
178420,IA,089
183000,IA,091
186750,IA,093
188840,IA,095
173290,IA,097
196220,IA,099
195790,IA,101
222200,IA,103
178160,IA,105
171200,IA,107
165980,IA,109
184300,IA,111
229770,IA,113
176440,IA,115
153410,IA,117
160810,IA,119
193570,IA,121
182320,IA,123
187170,IA,125
191760,IA,127
187360,IA,129
168090,IA,131
174770,IA,133
171550,IA,135
163730,IA,137
196250,IA,139
172810,IA,141
164630,IA,143
166700,IA,145
177330,IA,147
194420,IA,149
170060,IA,151
236540,IA,153
192750,IA,155
186290,IA,157
150230,IA,159
169020,IA,161
213100,IA,163
169690,IA,165
165320,IA,167
199490,IA,169
170970,IA,171
150820,IA,173
166900,IA,175
157480,IA,177
165000,IA,179
205580,IA,181
182210,IA,183
156130,IA,185
178570,IA,187
184940,IA,189
170470,IA,191
187710,IA,193
169520,IA,195
182470,IA,197
205060,US,000
156400,KS,001
164580,KS,003
152070,KS,005
166270,KS,007
166950,KS,009
163930,KS,011
151630,KS,013
201500,KS,015
174220,KS,017
162800,KS,019
147100,KS,021
178620,KS,023
177950,KS,025
179390,KS,027
175360,KS,029
183370,KS,031
170370,KS,033
175090,KS,035
162450,KS,037
163480,KS,039
177800,KS,041
148490,KS,043
199520,KS,045
175860,KS,047
160660,KS,049
182590,KS,051
165690,KS,053
153770,KS,055
157210,KS,057
173110,KS,059
161990,KS,061
178520,KS,063
180500,KS,065
170720,KS,067
186320,KS,069
199740,KS,071
159760,KS,073
164840,KS,075
163680,KS,077
187150,KS,079
173490,KS,081
155990,KS,083
186060,KS,085
193730,KS,087
166440,KS,089
309190,KS,091
157080,KS,093
185330,KS,095
172070,KS,097
155250,KS,099
186060,KS,101
202920,KS,103
157880,KS,105
170090,KS,107
172940,KS,109
157240,KS,111
189210,KS,113
161000,KS,115
170900,KS,117
168240,KS,119
214080,KS,121
176530,KS,123
164210,KS,125
184910,KS,127
170760,KS,129
171210,KS,131
165390,KS,133
177870,KS,135
168350,KS,137
176910,KS,139
162360,KS,141
176630,KS,143
175840,KS,145
171210,KS,147
177850,KS,149
179060,KS,151
171610,KS,153
185200,KS,155
174330,KS,157
160640,KS,159
163490,KS,161
155880,KS,163
180330,KS,165
170730,KS,167
190730,KS,169
204430,KS,171
209070,KS,173
150590,KS,175
209040,KS,177
162990,KS,179
167610,KS,181
149830,KS,183
164090,KS,185
180430,KS,187
178140,KS,189
183050,KS,191
190280,KS,193
162390,KS,195
177040,KS,197
170160,KS,199
155150,KS,201
167200,KS,203
149100,KS,205
142830,KS,207
160050,KS,209
180930,US,000
149310,KY,001
145060,KY,003
186210,KY,005
190350,KY,007
168160,KY,009
153260,KY,011
115260,KY,013
235350,KY,015
183350,KY,017
182120,KY,019
182880,KY,021
164780,KY,023
110440,KY,025
154020,KY,027
183390,KY,029
146170,KY,031
162640,KY,033
165660,KY,035
206370,KY,037
162760,KY,039
170570,KY,041
134420,KY,043
128670,KY,045
146110,KY,047
191700,KY,049
97160,KY,051
132860,KY,053
152620,KY,055
126430,KY,057
187390,KY,059
144800,KY,061
120670,KY,063
122850,KY,065
231090,KY,067
142140,KY,069
124420,KY,071
212290,KY,073
143090,KY,075
164160,KY,077
169150,KY,079
167760,KY,081
168340,KY,083
147590,KY,085
161070,KY,087
171370,KY,089
166230,KY,091
174870,KY,093
115850,KY,095
174780,KY,097
134950,KY,099
184700,KY,101
178460,KY,103
172790,KY,105
173820,KY,107
107110,KY,109
223520,KY,111
188420,KY,113
140510,KY,115
220850,KY,117
112970,KY,119
106600,KY,121
158650,KY,123
141650,KY,125
120080,KY,127
133250,KY,129
104290,KY,131
119840,KY,133
120310,KY,135
136020,KY,137
170720,KY,139
159620,KY,141
160160,KY,143
195330,KY,145
98960,KY,147
160460,KY,149
167900,KY,151
106850,KY,153
144720,KY,155
180690,KY,157
106500,KY,159
165890,KY,161
160000,KY,163
113990,KY,165
179720,KY,167
132360,KY,169
143650,KY,171
167010,KY,173
126570,KY,175
147980,KY,177
181200,KY,179
158800,KY,181
153170,KY,183
253740,KY,185
155210,KY,187
107420,KY,189
165510,KY,191
122240,KY,193
140050,KY,195
130600,KY,197
153520,KY,199
134040,KY,201
123370,KY,203
138890,KY,205
131830,KY,207
214900,KY,209
201950,KY,211
171500,KY,213
198480,KY,215
151620,KY,217
154620,KY,219
171840,KY,221
163550,KY,223
174650,KY,225
188470,KY,227
157220,KY,229
126010,KY,231
156570,KY,233
127770,KY,235
103210,KY,237
228390,KY,239
169120,US,000
134240,LA,001
131010,LA,003
178580,LA,005
140080,LA,007
121460,LA,009
155140,LA,011
124710,LA,013
181190,LA,015
178390,LA,017
177100,LA,019
138840,LA,021
153480,LA,023
126070,LA,025
138250,LA,027
119660,LA,029
136060,LA,031
197900,LA,033
96290,LA,035
154280,LA,037
114320,LA,039
126750,LA,041
144100,LA,043
141450,LA,045
132720,LA,047
153540,LA,049
199530,LA,051
133980,LA,053
193710,LA,055
158090,LA,057
140330,LA,059
143130,LA,061
162820,LA,063
101140,LA,065
131970,LA,067
137430,LA,069
172580,LA,071
170840,LA,073
159370,LA,075
153870,LA,077
160880,LA,079
121190,LA,081
124790,LA,083
151990,LA,085
167180,LA,087
190540,LA,089
123180,LA,091
143810,LA,093
154450,LA,095
120420,LA,097
136190,LA,099
133990,LA,101
225140,LA,103
144610,LA,105
126220,LA,107
160510,LA,109
148190,LA,111
142010,LA,113
140360,LA,115
129150,LA,117
152030,LA,119
157730,LA,121
123020,LA,123
162010,LA,125
117940,LA,127
195330,US,000
187340,ME,001
150330,ME,003
239490,ME,005
157960,ME,007
198090,ME,009
185200,ME,011
199810,ME,013
207600,ME,015
169450,ME,017
178010,ME,019
143740,ME,021
203780,ME,023
154740,ME,025
174380,ME,027
141190,ME,029
212250,ME,031
256140,US,000
167800,MD,001
275780,MD,003
261670,MD,005
254100,MD,009
172750,MD,011
238290,MD,013
213840,MD,015
242850,MD,017
189290,MD,019
254040,MD,021
162190,MD,023
242320,MD,025
324020,MD,027
215730,MD,029
356840,MD,031
233600,MD,033
263640,MD,035
226620,MD,037
159650,MD,039
281640,MD,041
200620,MD,043
191710,MD,045
225050,MD,047
169780,MD,510
259520,US,000
253180,MA,001
218070,MA,003
209780,MA,005
264720,MA,007
263580,MA,009
206720,MA,011
195410,MA,013
216850,MA,015
311990,MA,017
313140,MA,019
324840,MA,021
247890,MA,023
227660,MA,025
229830,MA,027
221680,US,000
176530,MI,001
182100,MI,003
199180,MI,005
175660,MI,007
194850,MI,009
163000,MI,011
158600,MI,013
206360,MI,015
196980,MI,017
185240,MI,019
199520,MI,021
175520,MI,023
192300,MI,025
194740,MI,027
201300,MI,029
180880,MI,031
158580,MI,033
159220,MI,035
229130,MI,037
169030,MI,039
186670,MI,041
185160,MI,043
224110,MI,045
210700,MI,047
208830,MI,049
166140,MI,051
161690,MI,053
221110,MI,055
171180,MI,057
182550,MI,059
150780,MI,061
178510,MI,063
210790,MI,065
174510,MI,067
171150,MI,069
165060,MI,071
162420,MI,073
201710,MI,075
217390,MI,077
163090,MI,079
216290,MI,081
167690,MI,083
144570,MI,085
214620,MI,087
246860,MI,089
201860,MI,091
280690,MI,093
168280,MI,095
177770,MI,097
244460,MI,099
172040,MI,101
180700,MI,103
177130,MI,105
163720,MI,107
169090,MI,109
233830,MI,111
160720,MI,113
224580,MI,115
161830,MI,117
164930,MI,119
179670,MI,121
169760,MI,123
325340,MI,125
158780,MI,127
157680,MI,129
166950,MI,131
156320,MI,133
156970,MI,135
198100,MI,137
216760,MI,139
173630,MI,141
178370,MI,143
194380,MI,145
215820,MI,147
182470,MI,149
170890,MI,151
171370,MI,153
192290,MI,155
179850,MI,157
178780,MI,159
271730,MI,161
200580,MI,163
171440,MI,165
231980,US,000
178480,MN,001
232970,MN,003
170850,MN,005
154970,MN,007
190080,MN,009
157080,MN,011
187120,MN,013
195350,MN,015
180730,MN,017
284860,MN,019
171890,MN,021
180390,MN,023
210130,MN,025
175570,MN,027
156940,MN,029
217750,MN,031
166470,MN,033
191740,MN,035
270080,MN,037
192590,MN,039
188500,MN,041
171930,MN,043
170670,MN,045
183250,MN,047
219340,MN,049
171310,MN,051
287890,MN,053
188260,MN,055
181150,MN,057
203480,MN,059
177170,MN,061
174990,MN,063
177410,MN,065
196270,MN,067
165250,MN,069
191670,MN,071
173990,MN,073
197610,MN,075
169760,MN,077
201510,MN,079
160090,MN,081
180130,MN,083
201370,MN,085
134380,MN,087
163170,MN,089
185290,MN,091
186280,MN,093
176560,MN,095
165660,MN,097
197950,MN,099
179360,MN,101
205170,MN,103
169870,MN,105
158950,MN,107
249390,MN,109
180140,MN,111
173460,MN,113
174450,MN,115
164500,MN,117
172790,MN,119
190320,MN,121
235360,MN,123
153720,MN,125
189030,MN,127
177700,MN,129
196950,MN,131
174110,MN,133
170530,MN,135
189820,MN,137
264180,MN,139
213220,MN,141
180040,MN,143
192110,MN,145
203280,MN,147
175690,MN,149
163600,MN,151
156580,MN,153
163780,MN,155
196640,MN,157
151460,MN,159
186310,MN,161
281480,MN,163
164130,MN,165
168730,MN,167
180770,MN,169
218440,MN,171
171200,MN,173
158530,US,000
157780,MS,001
154180,MS,003
140480,MS,005
137820,MS,007
122120,MS,009
120880,MS,011
151060,MS,013
157440,MS,015
132790,MS,017
134740,MS,019
112440,MS,021
142880,MS,023
145120,MS,025
125580,MS,027
124080,MS,029
145060,MS,031
204680,MS,033
151600,MS,035
136430,MS,037
143370,MS,039
118680,MS,041
137860,MS,043
177480,MS,045
180240,MS,047
177850,MS,049
106830,MS,051
109260,MS,053
105810,MS,055
149560,MS,057
177680,MS,059
128890,MS,061
97090,MS,063
119740,MS,065
148200,MS,067
119850,MS,069
164060,MS,071
188490,MS,073
160260,MS,075
144690,MS,077
133650,MS,079
189560,MS,081
125530,MS,083
139610,MS,085
165140,MS,087
234690,MS,089
123010,MS,091
140280,MS,093
140720,MS,095
140400,MS,097
149640,MS,099
140080,MS,101
120180,MS,103
149980,MS,105
130750,MS,107
151600,MS,109
128370,MS,111
140400,MS,113
156580,MS,115
141310,MS,117
108170,MS,119
204120,MS,121
140130,MS,123
113960,MS,125
133440,MS,127
147520,MS,129
146930,MS,131
113650,MS,133
107490,MS,135
161540,MS,137
140410,MS,139
153950,MS,141
119780,MS,143
157000,MS,145
125630,MS,147
175270,MS,149
134300,MS,151
127570,MS,153
141090,MS,155
108680,MS,157
145480,MS,159
149530,MS,161
120620,MS,163
199360,US,000
154840,MO,001
193750,MO,003
169560,MO,005
164410,MO,007
149800,MO,009
139870,MO,011
154770,MO,013
154570,MO,015
136410,MO,017
198440,MO,019
178820,MO,021
157210,MO,023
153430,MO,025
170050,MO,027
201970,MO,029
185930,MO,031
155220,MO,033
133490,MO,035
210730,MO,037
143560,MO,039
155150,MO,041
184220,MO,043
159880,MO,045
231440,MO,047
190560,MO,049
207390,MO,051
156480,MO,053
148250,MO,055
142540,MO,057
151060,MO,059
159530,MO,061
126870,MO,063
144630,MO,065
137850,MO,067
135610,MO,069
197050,MO,071
173190,MO,073
158790,MO,075
191850,MO,077
154320,MO,079
141920,MO,081
164680,MO,083
135360,MO,085
158760,MO,087
151980,MO,089
139590,MO,091
142270,MO,093
207880,MO,095
162270,MO,097
194350,MO,099
160370,MO,101
130750,MO,103
155720,MO,105
184930,MO,107
153990,MO,109
147460,MO,111
171490,MO,113
153780,MO,115
166850,MO,117
131750,MO,119
161890,MO,121
132150,MO,123
156620,MO,125
169640,MO,127
151400,MO,129
151440,MO,131
130380,MO,133
166090,MO,135
146950,MO,137
150920,MO,139
159500,MO,141
142040,MO,143
175020,MO,145
153840,MO,147
128120,MO,149
172450,MO,151
141330,MO,153
129680,MO,155
165540,MO,157
162510,MO,159
160840,MO,161
144620,MO,163
263560,MO,165
136450,MO,167
145860,MO,169
146470,MO,171
164560,MO,173
150100,MO,175
186850,MO,177
130650,MO,179
128890,MO,181
235920,MO,183
140250,MO,185
172830,MO,186
152730,MO,187
275950,MO,189
161320,MO,195
158500,MO,197
144740,MO,199
156200,MO,201
114920,MO,203
156320,MO,205
146560,MO,207
180360,MO,209
133920,MO,211
172670,MO,213
137990,MO,215
150470,MO,217
196900,MO,219
129340,MO,221
134340,MO,223
145020,MO,225
143670,MO,227
131350,MO,229
161080,MO,510
171510,US,000
156210,MT,001
107920,MT,003
121010,MT,005
162370,MT,007
172040,MT,009
132800,MT,011
175660,MT,013
148510,MT,015
158760,MT,017
160550,MT,019
153680,MT,021
155800,MT,023
160140,MT,025
158080,MT,027
181120,MT,029
190740,MT,031
139300,MT,033
115970,MT,035
135730,MT,037
166360,MT,039
149350,MT,041
182500,MT,043
142910,MT,045
151730,MT,047
187630,MT,049
148820,MT,051
139230,MT,053
151620,MT,055
169440,MT,057
150190,MT,059
151660,MT,061
178080,MT,063
153890,MT,065
177040,MT,067
159860,MT,069
150580,MT,071
142760,MT,073
153510,MT,075
138160,MT,077
144220,MT,079
179350,MT,081
160060,MT,083
113470,MT,085
150320,MT,087
145930,MT,089
160380,MT,091
170090,MT,093
184680,MT,095
178800,MT,097
146350,MT,099
147310,MT,101
143920,MT,103
162460,MT,105
119540,MT,107
161210,MT,109
193030,MT,111
0,MT,113
196130,US,000
183080,NE,001
146010,NE,003
158100,NE,005
171490,NE,007
123230,NE,009
158310,NE,011
184070,NE,013
138400,NE,015
159240,NE,017
175100,NE,019
166540,NE,021
163940,NE,023
201560,NE,025
155150,NE,027
174900,NE,029
159430,NE,031
174370,NE,033
168700,NE,035
151480,NE,037
164430,NE,039
161710,NE,041
161250,NE,043
163530,NE,045
159730,NE,047
178910,NE,049
153500,NE,051
177570,NE,053
228790,NE,055
157860,NE,057
174650,NE,059
153900,NE,061
166480,NE,063
172230,NE,065
171900,NE,067
154140,NE,069
143680,NE,071
179570,NE,073
148150,NE,075
137310,NE,077
173860,NE,079
175900,NE,081
156180,NE,083
140990,NE,085
148040,NE,087
152560,NE,089
155130,NE,091
155350,NE,093
183800,NE,095
164370,NE,097
181180,NE,099
174210,NE,101
118600,NE,103
175250,NE,105
139710,NE,107
212650,NE,109
186960,NE,111
149370,NE,113
124270,NE,115
130550,NE,117
168040,NE,119
159580,NE,121
147250,NE,123
168860,NE,125
170040,NE,127
156080,NE,129
177520,NE,131
166870,NE,133
178300,NE,135
190440,NE,137
159800,NE,139
180640,NE,141
179340,NE,143
163030,NE,145
164600,NE,147
143500,NE,149
162870,NE,151
219850,NE,153
183920,NE,155
173550,NE,157
183790,NE,159
148440,NE,161
140640,NE,163
159990,NE,165
155110,NE,167
170430,NE,169
153350,NE,171
109510,NE,173
149960,NE,175
210550,NE,177
146440,NE,179
168020,NE,181
143540,NE,183
176700,NE,185
219890,US,000
192640,NV,001
217850,NV,003
272880,NV,005
184820,NV,007
189710,NV,009
186290,NV,011
195390,NV,013
169980,NV,015
173260,NV,017
185430,NV,019
169520,NV,021
179620,NV,023
165890,NV,027
236420,NV,029
242770,NV,031
183090,NV,033
209430,NV,510
238440,US,000
227580,NH,001
219310,NH,003
206850,NH,005
172180,NH,007
222270,NH,009
251980,NH,011
232080,NH,013
266560,NH,015
204790,NH,017
213190,NH,019
270060,US,000
210340,NJ,001
336380,NJ,003
263390,NJ,005
223540,NJ,007
241720,NJ,009
173760,NJ,011
249430,NJ,013
227080,NJ,015
211540,NJ,017
363700,NJ,019
279140,NJ,021
265350,NJ,023
311490,NJ,025
369640,NJ,027
230540,NJ,029
213700,NJ,031
208740,NJ,033
379700,NJ,035
269920,NJ,037
269920,NJ,039
257280,NJ,041
172610,US,000
207900,NM,001
139510,NM,003
149900,NM,005
117310,NM,006
164180,NM,007
150490,NM,009
140650,NM,011
139990,NM,013
158230,NM,015
145970,NM,017
112410,NM,019
162400,NM,021
124310,NM,023
141840,NM,025
193380,NM,027
346460,NM,028
112180,NM,029
98720,NM,031
123400,NM,033
143450,NM,035
149380,NM,037
142630,NM,039
141850,NM,041
191740,NM,043
142820,NM,045
132680,NM,047
235940,NM,049
150230,NM,051
128260,NM,053
161030,NM,055
141340,NM,057
147000,NM,059
147470,NM,061
233890,US,000
233450,NY,001
149750,NY,003
139590,NY,005
191680,NY,007
159590,NY,009
180030,NY,011
168400,NY,013
182640,NY,015
164270,NY,017
179460,NY,019
222650,NY,021
166220,NY,023
173570,NY,025
239400,NY,027
203570,NY,029
181940,NY,031
158880,NY,033
168440,NY,035
184980,NY,037
189310,NY,039
186430,NY,041
161410,NY,043
162020,NY,045
167750,NY,047
149710,NY,049
180620,NY,051
191050,NY,053
228210,NY,055
170050,NY,057
321510,NY,059
429220,NY,061
192190,NY,063
185160,NY,065
213360,NY,067
215330,NY,069
215970,NY,071
164570,NY,073
168530,NY,075
168060,NY,077
301270,NY,079
192220,NY,081
210950,NY,083
239050,NY,085
280820,NY,087
157280,NY,089
239450,NY,091
219920,NY,093
177780,NY,095
170390,NY,097
176300,NY,099
181970,NY,101
265770,NY,103
188920,NY,105
186730,NY,107
196590,NY,109
208460,NY,111
207270,NY,113
179580,NY,115
192580,NY,117
367260,NY,119
172480,NY,121
167810,NY,123
203070,US,000
193910,NC,001
185070,NC,003
176910,NC,005
148530,NC,007
164290,NC,009
151760,NC,011
167220,NC,013
140960,NC,015
147350,NC,017
198570,NC,019
203840,NC,021
173970,NC,023
211210,NC,025
173530,NC,027
186810,NC,029
212600,NC,031
164700,NC,033
203580,NC,035
233550,NC,037
158140,NC,039
150270,NC,041
182210,NC,043
173950,NC,045
144150,NC,047
184230,NC,049
173760,NC,051
199080,NC,053
236140,NC,055
187030,NC,057
213590,NC,059
144990,NC,061
231560,NC,063
144350,NC,065
230230,NC,067
175620,NC,069
192250,NC,071
159630,NC,073
142370,NC,075
171180,NC,077
154520,NC,079
233400,NC,081
138100,NC,083
167750,NC,085
185540,NC,087
211100,NC,089
156410,NC,091
136350,NC,093
131640,NC,095
211480,NC,097
175820,NC,099
187880,NC,101
159160,NC,103
191470,NC,105
167440,NC,107
188770,NC,109
161090,NC,111
186420,NC,113
160760,NC,115
151020,NC,117
273520,NC,119
159330,NC,121
165040,NC,123
233770,NC,125
188630,NC,127
231230,NC,129
154130,NC,131
148530,NC,133
248730,NC,135
180050,NC,137
148150,NC,139
178820,NC,141
157280,NC,143
187090,NC,145
182430,NC,147
198040,NC,149
182360,NC,151
144850,NC,153
132240,NC,155
171200,NC,157
180710,NC,159
162700,NC,161
149760,NC,163
156930,NC,165
178250,NC,167
181300,NC,169
177220,NC,171
146470,NC,173
207670,NC,175
133260,NC,177
219780,NC,179
158970,NC,181
270040,NC,183
147160,NC,185
149940,NC,187
172580,NC,189
170100,NC,191
175160,NC,193
171020,NC,195
185760,NC,197
163350,NC,199
177690,US,000
184250,ND,001
165660,ND,003
115090,ND,005
161860,ND,007
162270,ND,009
176620,ND,011
140260,ND,013
204360,ND,015
208890,ND,017
158170,ND,019
158460,ND,021
162250,ND,023
146240,ND,025
159410,ND,027
146040,ND,029
179280,ND,031
141730,ND,033
178680,ND,035
146160,ND,037
161310,ND,039
155550,ND,041
142700,ND,043
170590,ND,045
169470,ND,047
151400,ND,049
150180,ND,051
147320,ND,053
162200,ND,055
182560,ND,057
172020,ND,059
134220,ND,061
163200,ND,063
162710,ND,065
186920,ND,067
140550,ND,069
180600,ND,071
182190,ND,073
164780,ND,075
163390,ND,077
108730,ND,079
186890,ND,081
132830,ND,083
77310,ND,085
145130,ND,087
159290,ND,089
176010,ND,091
177060,ND,093
176050,ND,095
180140,ND,097
164960,ND,099
169260,ND,101
179320,ND,103
167630,ND,105
210030,US,000
145150,OH,001
175110,OH,003
173080,OH,005
168140,OH,007
141710,OH,009
195930,OH,011
162210,OH,013
171000,OH,015
220760,OH,017
167010,OH,019
195420,OH,021
195010,OH,023
223700,OH,025
184620,OH,027
166550,OH,029
163640,OH,031
174660,OH,033
222720,OH,035
186700,OH,037
196670,OH,039
316000,OH,041
215300,OH,043
216710,OH,045
180630,OH,047
230590,OH,049
189990,OH,051
151830,OH,053
279440,OH,055
230570,OH,057
155420,OH,059
240530,OH,061
209910,OH,063
162000,OH,065
164790,OH,067
186670,OH,069
165210,OH,071
160950,OH,073
141970,OH,075
181330,OH,077
147890,OH,079
164760,OH,081
176950,OH,083
231600,OH,085
146780,OH,087
205810,OH,089
189840,OH,091
210540,OH,093
205180,OH,095
187210,OH,097
188180,OH,099
182550,OH,101
242510,OH,103
138480,OH,105
185310,OH,107
216690,OH,109
150960,OH,111
217430,OH,113
139670,OH,115
178300,OH,117
175330,OH,119
141000,OH,121
219730,OH,123
180620,OH,125
156740,OH,127
174780,OH,129
160930,OH,131
204280,OH,133
184440,OH,135
186800,OH,137
185820,OH,139
175690,OH,141
192390,OH,143
154080,OH,145
170270,OH,147
202550,OH,149
204170,OH,151
228420,OH,153
191880,OH,155
172760,OH,157
205770,OH,159
182930,OH,161
137310,OH,163
255170,OH,165
180820,OH,167
183300,OH,169
184410,OH,171
212840,OH,173
171700,OH,175
176460,US,000
111850,OK,001
147040,OK,003
129190,OK,005
179050,OK,007
144880,OK,009
135460,OK,011
142170,OK,013
132980,OK,015
196910,OK,017
155110,OK,019
134360,OK,021
122960,OK,023
157440,OK,025
201140,OK,027
120130,OK,029
157280,OK,031
146260,OK,033
165390,OK,035
161910,OK,037
155840,OK,039
154240,OK,041
158060,OK,043
164720,OK,045
174570,OK,047
148560,OK,049
158460,OK,051
157090,OK,053
140530,OK,055
134640,OK,057
180110,OK,059
137750,OK,061
126870,OK,063
154540,OK,065
128990,OK,067
137470,OK,069
166430,OK,071
181670,OK,073
142310,OK,075
128420,OK,077
137370,OK,079
148900,OK,081
178720,OK,083
166480,OK,085
181580,OK,087
136930,OK,089
164100,OK,091
172720,OK,093
149820,OK,095
153500,OK,097
160840,OK,099
148280,OK,101
170220,OK,103
142440,OK,105
127460,OK,107
195510,OK,109
140650,OK,111
170140,OK,113
144780,OK,115
152610,OK,117
159830,OK,119
154940,OK,121
146640,OK,123
159720,OK,125
128640,OK,127
168210,OK,129
190730,OK,131
139560,OK,133
134050,OK,135
163570,OK,137
156920,OK,139
142700,OK,141
211150,OK,143
182720,OK,145
202500,OK,147
155280,OK,149
174870,OK,151
167340,OK,153
209400,US,000
156120,OR,001
218680,OR,003
259730,OR,005
195150,OR,007
200780,OR,009
175470,OR,011
168990,OR,013
181380,OR,015
217670,OR,017
165810,OR,019
176590,OR,021
167940,OR,023
161590,OR,025
178770,OR,027
194980,OR,029
156750,OR,031
172340,OR,033
167190,OR,035
161360,OR,037
196810,OR,039
186920,OR,041
176330,OR,043
138950,OR,045
184080,OR,047
158020,OR,049
226060,OR,051
192820,OR,053
174480,OR,055
190520,OR,057
164100,OR,059
169070,OR,061
172760,OR,063
171950,OR,065
249690,OR,067
158840,OR,069
189510,OR,071
208800,US,000
185770,PA,001
224910,PA,003
157090,PA,005
184020,PA,007
163160,PA,009
212320,PA,011
167430,PA,013
171480,PA,015
274300,PA,017
207940,PA,019
160580,PA,021
159680,PA,023
170640,PA,025
180200,PA,027
316270,PA,029
152430,PA,031
160100,PA,033
157500,PA,035
169730,PA,037
168700,PA,039
236100,PA,041
221340,PA,043
250400,PA,045
181740,PA,047
179320,PA,049
152740,PA,051
143410,PA,053
193390,PA,055
164090,PA,057
149590,PA,059
153790,PA,061
153120,PA,063
161860,PA,065
161420,PA,067
187100,PA,069
203980,PA,071
168350,PA,073
197730,PA,075
218970,PA,077
182280,PA,079
172240,PA,081
167770,PA,083
176360,PA,085
155530,PA,087
200110,PA,089
308980,PA,091
193020,PA,093
213990,PA,095
164890,PA,097
185510,PA,099
165090,PA,101
203150,PA,103
160700,PA,105
172300,PA,107
167560,PA,109
151780,PA,111
164380,PA,113
164350,PA,115
155490,PA,117
179180,PA,119
162520,PA,121
178620,PA,123
199350,PA,125
169770,PA,127
196740,PA,129
174520,PA,131
210860,PA,133
216880,US,000
265030,RI,001
238330,RI,003
267790,RI,005
192550,RI,007
255300,RI,009
187950,US,000
153700,SC,001
187720,SC,003
112930,SC,005
183650,SC,007
125840,SC,009
158700,SC,011
253770,SC,013
168790,SC,015
174460,SC,017
213930,SC,019
164210,SC,021
147090,SC,023
142330,SC,025
139980,SC,027
148310,SC,029
162830,SC,031
132720,SC,033
188400,SC,035
154150,SC,037
149110,SC,039
178760,SC,041
198050,SC,043
220810,SC,045
174460,SC,047
131290,SC,049
199490,SC,051
141610,SC,053
183600,SC,055
162760,SC,057
157610,SC,059
138960,SC,061
210630,SC,063
147700,SC,065
138780,SC,067
133850,SC,069
160450,SC,071
189650,SC,073
150570,SC,075
174340,SC,077
207940,SC,079
163280,SC,081
187380,SC,083
156570,SC,085
158770,SC,087
127940,SC,089
205360,SC,091
175620,US,000
138870,SD,003
178320,SD,005
101060,SD,007
138920,SD,009
175860,SD,011
184640,SD,013
148740,SD,015
52130,SD,017
139970,SD,019
141170,SD,021
115020,SD,023
155970,SD,025
144520,SD,027
187610,SD,029
86150,SD,031
179450,SD,033
178790,SD,035
158560,SD,037
159770,SD,039
92510,SD,041
138270,SD,043
161490,SD,045
170480,SD,047
146600,SD,049
165430,SD,051
136560,SD,053
167800,SD,055
169820,SD,057
187350,SD,059
147780,SD,061
127940,SD,063
206890,SD,065
159220,SD,067
163560,SD,069
99810,SD,071
168560,SD,073
158960,SD,075
165220,SD,077
164460,SD,079
171950,SD,081
223040,SD,083
138620,SD,085
163740,SD,087
127480,SD,089
154620,SD,091
176800,SD,093
103620,SD,095
151550,SD,097
207130,SD,099
165410,SD,101
189380,SD,103
157340,SD,105
174170,SD,107
134280,SD,109
183010,SD,111
62860,SD,113
157280,SD,115
203000,SD,117
174070,SD,119
77140,SD,121
137760,SD,123
173430,SD,125
243550,SD,127
154920,SD,129
173120,SD,135
74630,SD,137
193930,US,000
190090,TN,001
166980,TN,003
146460,TN,005
138890,TN,007
194160,TN,009
181080,TN,011
133010,TN,013
164050,TN,015
162510,TN,017
146780,TN,019
188820,TN,021
157560,TN,023
130320,TN,025
133200,TN,027
138810,TN,029
181370,TN,031
146000,TN,033
168080,TN,035
230690,TN,037
172850,TN,039
172170,TN,041
180430,TN,043
164510,TN,045
179690,TN,047
129990,TN,049
179870,TN,051
163200,TN,053
175430,TN,055
145050,TN,057
157460,TN,059
120390,TN,061
177430,TN,063
215930,TN,065
119860,TN,067
133490,TN,069
155980,TN,071
160730,TN,073
146690,TN,075
170190,TN,077
158550,TN,079
144460,TN,081
156130,TN,083
177570,TN,085
150200,TN,087
168410,TN,089
133880,TN,091
218750,TN,093
107940,TN,095
136820,TN,097
158480,TN,099
146640,TN,101
188370,TN,103
210610,TN,105
167250,TN,107
163850,TN,109
152860,TN,111
193890,TN,113
164190,TN,115
177490,TN,117
193650,TN,119
145510,TN,121
149510,TN,123
172650,TN,125
190400,TN,127
129250,TN,129
174090,TN,131
139100,TN,133
169690,TN,135
146810,TN,137
160250,TN,139
169270,TN,141
156720,TN,143
184560,TN,145
190540,TN,147
199380,TN,149
129270,TN,151
164680,TN,153
180640,TN,155
208560,TN,157
174730,TN,159
163020,TN,161
192020,TN,163
211640,TN,165
179520,TN,167
158380,TN,169
156120,TN,171
133750,TN,173
174970,TN,175
157590,TN,177
190850,TN,179
144720,TN,181
154080,TN,183
147910,TN,185
324960,TN,187
227390,TN,189
196170,US,000
138380,TX,001
159160,TX,003
158760,TX,005
185600,TX,007
193000,TX,009
171510,TX,011
142760,TX,013
181400,TX,015
129790,TX,017
196350,TX,019
181460,TX,021
163840,TX,023
106250,TX,025
172190,TX,027
183630,TX,029
197210,TX,031
183640,TX,033
174550,TX,035
173570,TX,037
200210,TX,039
162120,TX,041
151830,TX,043
142180,TX,045
102340,TX,047
156240,TX,049
166160,TX,051
188500,TX,053
150990,TX,055
171250,TX,057
152040,TX,059
109600,TX,061
165000,TX,063
193680,TX,065
157770,TX,067
144570,TX,069
198630,TX,071
139800,TX,073
124520,TX,075
163610,TX,077
131250,TX,079
167340,TX,081
149110,TX,083
333450,TX,085
153180,TX,087
169100,TX,089
219140,TX,091
146770,TX,093
157270,TX,095
178890,TX,097
144100,TX,099
162120,TX,101
153740,TX,103
144140,TX,105
144450,TX,107
114930,TX,109
136530,TX,111
226030,TX,113
150110,TX,115
131190,TX,117
150800,TX,119
268950,TX,121
147800,TX,123
131560,TX,125
97650,TX,127
159580,TX,129
113240,TX,131
148700,TX,133
150310,TX,135
126910,TX,137
202120,TX,139
134210,TX,141
166550,TX,143
143110,TX,145
160660,TX,147
188880,TX,149
151200,TX,151
142060,TX,153
147990,TX,155
249850,TX,157
175630,TX,159
163380,TX,161
160690,TX,163
130880,TX,165
215680,TX,167
127040,TX,169
204230,TX,171
182790,TX,173
171260,TX,175
142690,TX,177
167020,TX,179
188620,TX,181
184490,TX,183
143680,TX,185
184300,TX,187
136550,TX,189
132100,TX,191
168000,TX,193
174080,TX,195
168240,TX,197
179620,TX,199
214350,TX,201
167020,TX,203
180670,TX,205
149180,TX,207
199310,TX,209
169290,TX,211
177720,TX,213
98990,TX,215
155140,TX,217
150220,TX,219
222610,TX,221
171820,TX,223
145250,TX,225
150270,TX,227
95490,TX,229
175540,TX,231
173170,TX,233
205150,TX,235
152100,TX,237
166930,TX,239
156360,TX,241
188460,TX,243
175710,TX,245
121850,TX,247
122520,TX,249
184000,TX,251
136560,TX,253
136030,TX,255
188270,TX,257
246190,TX,259
179590,TX,261
176260,TX,263
197670,TX,265
171270,TX,267
123210,TX,269
153500,TX,271
135420,TX,273
134430,TX,275
170000,TX,277
151690,TX,279
171840,TX,281
96920,TX,283
163980,TX,285
171630,TX,287
175990,TX,289
155390,TX,291
143520,TX,293
163280,TX,295
158860,TX,297
235470,TX,299
240830,TX,301
173230,TX,303
140900,TX,305
145790,TX,307
171740,TX,309
222580,TX,311
140560,TX,313
145350,TX,315
156470,TX,317
209310,TX,319
157090,TX,321
87580,TX,323
152100,TX,325
159870,TX,327
203690,TX,329
169200,TX,331
159140,TX,333
140430,TX,335
171150,TX,337
245440,TX,339
152140,TX,341
156120,TX,343
165840,TX,345
154370,TX,347
152660,TX,349
133810,TX,351
140770,TX,353
170360,TX,355
167070,TX,357
148060,TX,359
175540,TX,361
154540,TX,363
154390,TX,365
203050,TX,367
141840,TX,369
122120,TX,371
158340,TX,373
149470,TX,375
95580,TX,377
164420,TX,379
218400,TX,381
131740,TX,383
143210,TX,385
150580,TX,387
108110,TX,389
154810,TX,391
209230,TX,393
147140,TX,395
285730,TX,397
135770,TX,399
166740,TX,401
158210,TX,403
155480,TX,405
161440,TX,407
154250,TX,409
153090,TX,411
159690,TX,413
158710,TX,415
163410,TX,417
151860,TX,419
172100,TX,421
190720,TX,423
183670,TX,425
70690,TX,427
154750,TX,429
169720,TX,431
160940,TX,433
171050,TX,435
143260,TX,437
225480,TX,439
171760,TX,441
137210,TX,443
138600,TX,445
177190,TX,447
155010,TX,449
173250,TX,451
258830,TX,453
154720,TX,455
153670,TX,457
163580,TX,459
142740,TX,461
125570,TX,463
120960,TX,465
169300,TX,467
183790,TX,469
145080,TX,471
163380,TX,473
143930,TX,475
173840,TX,477
107590,TX,479
153880,TX,481
160830,TX,483
169650,TX,485
165200,TX,487
94210,TX,489
245470,TX,491
172530,TX,493
137250,TX,495
177290,TX,497
177020,TX,499
145040,TX,501
167100,TX,503
104860,TX,505
100340,TX,507
181850,US,000
149570,UT,001
156250,UT,003
150940,UT,005
153250,UT,007
155110,UT,009
195060,UT,011
123260,UT,013
142430,UT,015
134390,UT,017
173560,UT,019
135680,UT,021
127900,UT,023
154550,UT,025
134080,UT,027
176840,UT,029
126970,UT,031
162670,UT,033
201900,UT,035
102290,UT,037
124420,UT,039
141800,UT,041
337670,UT,043
163210,UT,045
135710,UT,047
155570,UT,049
198690,UT,051
158730,UT,053
153920,UT,055
182460,UT,057
206250,US,000
195390,VT,001
211930,VT,003
169760,VT,005
235010,VT,007
143880,VT,009
178160,VT,011
222070,VT,013
209720,VT,015
187840,VT,017
165180,VT,019
188740,VT,021
211130,VT,023
205330,VT,025
223690,VT,027
239750,US,000
163090,VA,001
288520,VA,003
196350,VA,005
188580,VA,007
169520,VA,009
180860,VA,011
377060,VA,013
197440,VA,015
230920,VA,017
215820,VA,019
177440,VA,021
222180,VA,023
148900,VA,025
127880,VA,027
136690,VA,029
181340,VA,031
183420,VA,033
164750,VA,035
191820,VA,036
147170,VA,037
252860,VA,041
248440,VA,043
173220,VA,045
201620,VA,047
151030,VA,049
128220,VA,051
191220,VA,053
179940,VA,057
368880,VA,059
287570,VA,061
163450,VA,063
203380,VA,065
196050,VA,067
210800,VA,069
183960,VA,071
199900,VA,073
291050,VA,075
167680,VA,077
194780,VA,079
146320,VA,081
163530,VA,083
251200,VA,085
264100,VA,087
171100,VA,089
159760,VA,091
202350,VA,093
292560,VA,095
172360,VA,097
215620,VA,099
219280,VA,101
246630,VA,103
136250,VA,105
335300,VA,107
194790,VA,109
149510,VA,111
186360,VA,113
236100,VA,115
171710,VA,117
227080,VA,119
170770,VA,121
222300,VA,125
228930,VA,127
165910,VA,131
229170,VA,133
155520,VA,135
211070,VA,137
163210,VA,139
155740,VA,141
169910,VA,143
241040,VA,145
145100,VA,147
201960,VA,149
256410,VA,153
189730,VA,155
238630,VA,157
166750,VA,159
246370,VA,161
183560,VA,163
187950,VA,165
148630,VA,167
150730,VA,169
197550,VA,171
161050,VA,173
169300,VA,175
225360,VA,177
247620,VA,179
166820,VA,181
146700,VA,183
152820,VA,185
198410,VA,187
183500,VA,191
194730,VA,193
142710,VA,195
176390,VA,197
245600,VA,199
376450,VA,510
154230,VA,515
173110,VA,520
163770,VA,530
169730,VA,540
209490,VA,550
151820,VA,560
236590,VA,570
167580,VA,580
171510,VA,590
153770,VA,595
312470,VA,600
410520,VA,610
185730,VA,620
215270,VA,630
174470,VA,640
197740,VA,650
148980,VA,660
163390,VA,670
164970,VA,678
182630,VA,680
244530,VA,683
210480,VA,685
172510,VA,690
178430,VA,700
173720,VA,710
160240,VA,720
159890,VA,730
253360,VA,735
165070,VA,740
142890,VA,750
203370,VA,760
184680,VA,770
200910,VA,775
191610,VA,790
188360,VA,800
223650,VA,810
179320,VA,820
184830,VA,830
205000,VA,840
229730,US,000
135340,WA,001
177480,WA,003
213010,WA,005
192730,WA,007
195170,WA,009
214480,WA,011
173740,WA,013
185830,WA,015
171480,WA,017
150190,WA,019
154590,WA,021
169920,WA,023
150370,WA,025
167990,WA,027
214720,WA,029
222110,WA,031
295210,WA,033
223170,WA,035
189280,WA,037
165020,WA,039
170820,WA,041
178880,WA,043
180560,WA,045
149000,WA,047
173220,WA,049
157310,WA,051
209480,WA,053
306030,WA,055
212560,WA,057
180020,WA,059
234170,WA,061
192330,WA,063
158950,WA,065
224150,WA,067
190630,WA,069
165090,WA,071
200250,WA,073
152980,WA,075
156060,WA,077
164770,US,000
124400,WV,001
179820,WV,003
144530,WV,005
133490,WV,007
171310,WV,009
176380,WV,011
114910,WV,013
120210,WV,015
135070,WV,017
138090,WV,019
124980,WV,021
156960,WV,023
162470,WV,025
148510,WV,027
177240,WV,029
158590,WV,031
168100,WV,033
162050,WV,035
204410,WV,037
203540,WV,039
139330,WV,041
130730,WV,043
141020,WV,045
101740,WV,047
162460,WV,049
164720,WV,051
148040,WV,053
155640,WV,055
153840,WV,057
124450,WV,059
171060,WV,061
174350,WV,063
181090,WV,065
152070,WV,067
177340,WV,069
158050,WV,071
169200,WV,073
143840,WV,075
135960,WV,077
204710,WV,079
162330,WV,081
149180,WV,083
151750,WV,085
131950,WV,087
124190,WV,089
136810,WV,091
163490,WV,093
152160,WV,095
135590,WV,097
149060,WV,099
122840,WV,101
168180,WV,103
140000,WV,105
180730,WV,107
142200,WV,109
212710,US,000
177770,WI,001
160690,WI,003
180910,WI,005
164070,WI,007
217840,WI,009
181230,WI,011
177120,WI,013
219190,WI,015
182430,WI,017
151000,WI,019
210140,WI,021
168330,WI,023
249850,WI,025
195740,WI,027
213560,WI,029
176380,WI,031
175200,WI,033
192500,WI,035
183280,WI,037
200220,WI,039
164510,WI,041
167640,WI,043
207950,WI,045
190240,WI,047
194970,WI,049
173710,WI,051
176040,WI,053
212360,WI,055
178920,WI,057
212070,WI,059
184560,WI,061
198000,WI,063
168110,WI,065
169600,WI,067
179400,WI,069
202850,WI,071
207030,WI,073
174920,WI,075
169240,WI,077
106250,WI,078
199390,WI,079
170560,WI,081
190160,WI,083
197460,WI,085
219430,WI,087
319470,WI,089
182880,WI,091
201720,WI,093
191290,WI,095
198540,WI,097
178370,WI,099
217720,WI,101
170420,WI,103
208950,WI,105
155630,WI,107
239370,WI,109
196950,WI,111
176340,WI,113
179910,WI,115
215090,WI,117
175700,WI,119
176810,WI,121
158590,WI,123
183610,WI,125
212290,WI,127
173410,WI,129
243190,WI,131
291640,WI,133
186640,WI,135
181440,WI,137
217060,WI,139
202030,WI,141
191340,US,000
167060,WY,001
150860,WY,003
200630,WY,005
183750,WY,007
187440,WY,009
173790,WY,011
165190,WY,013
159650,WY,015
168580,WY,017
190300,WY,019
196340,WY,021
175330,WY,023
189130,WY,025
157570,WY,027
180200,WY,029
175300,WY,031
194070,WY,033
200560,WY,035
195750,WY,037
382600,WY,039
169940,WY,041
177800,WY,043
173660,WY,045
