Date,DJI,NASDAQ,S&P,Me
9/1/2009,11464.15,2193.16,1311.01,1096.23
9/5/2009,11469.28,2205.7,1313.25,1104.62
9/6/2009,11406.2,2167.84,1300.26,1083.95
9/7/2009,11331.44,2155.29,1294.02,1076.33
9/8/2009,11392.11,2165.79,1298.92,1080.3
9/11/2009,11396.84,2173.25,1299.54,1080.01
9/12/2009,11498.09,2215.82,1313.11,1104.74
9/13/2009,11543.32,2227.67,1318.07,1112.6
9/14/2009,11527.39,2228.73,1316.28,1108.15
9/15/2009,11560.77,2235.59,1319.87,1111.02
9/18/2009,11555,2235.75,1321.18,1108.96
9/19/2009,11540.91,2222.37,1318.31,1104.93
9/20/2009,11613.19,2252.89,1325.18,1118.21
9/21/2009,11533.23,2237.75,1318.03,1106.88
9/22/2009,11508.1,2218.93,1314.78,1096.31
9/25/2009,11575.81,2249.07,1326.37,1109.07
9/26/2009,11669.39,2261.34,1336.34,1111.79
9/27/2009,11689.24,2263.39,1336.59,1116.06
9/28/2009,11718.45,2270.02,1339.15,1114.83
9/29/2009,11679.07,2258.43,1335.85,1103.38
10/2/2009,11670.35,2237.6,1331.32,1093.85
10/3/2009,11727.34,2243.65,1334.11,1094.99
10/4/2009,11850.61,2290.95,1350.22,1116.18
10/5/2009,11866.69,2306.34,1353.22,1128.48
10/6/2009,11850.21,2299.99,1349.58,1123.18
10/9/2009,11857.81,2311.77,1350.66,1130.36
10/10/2009,11867.17,2315.43,1353.42,1130.63
10/11/2009,11852.13,2308.27,1349.95,1123.65
10/12/2009,11947.7,2346.18,1362.83,1145.42
10/13/2009,11960.51,2357.29,1365.62,1153.19
10/16/2009,11980.6,2363.84,1369.05,1161.91
10/17/2009,11950.02,2344.95,1364.05,1156.21
10/18/2009,11992.68,2337.15,1365.96,1155.18
10/19/2009,12011.73,2340.94,1366.96,1160.24
10/20/2009,12002.37,2342.3,1368.6,1152.79
10/23/2009,12116.91,2355.56,1377.02,1154.8
10/24/2009,12127.88,2344.84,1377.38,1153.14
10/25/2009,12134.68,2356.59,1382.22,1159.08
10/26/2009,12163.66,2379.1,1389.08,1171.27
10/27/2009,12090.26,2350.62,1377.34,1155.45
10/30/2009,12086.5,2363.77,1377.93,1164.37
10/31/2009,12080.73,2366.71,1377.94,1158.27
11/1/2009,12031.02,2334.35,1367.81,1138
11/2/2009,12018.54,2334.02,1367.34,1134.72
11/3/2009,11986.04,2330.79,1364.3,1137.69
11/6/2009,12105.55,2365.95,1379.78,1152.86
11/7/2009,12156.77,2375.88,1382.84,1152.21
11/8/2009,12176.54,2384.94,1385.72,1162.42
11/9/2009,12103.3,2376.01,1378.33,1151.65
11/10/2009,12108.43,2389.72,1380.9,1162.93
11/13/2009,12131.88,2406.38,1384.42,1167.94
11/14/2009,12218.01,2430.66,1393.22,1188
11/15/2009,12251.71,2442.75,1396.57,1196.6
11/16/2009,12305.82,2449.06,1399.76,1195.59
11/17/2009,12342.56,2445.86,1401.2,1191.65
11/20/2009,12316.54,2452.72,1400.5,1194.73
11/21/2009,12321.59,2454.84,1402.81,1196.63
11/22/2009,12326.95,2465.98,1406.09,1196.99
11/24/2009,12280.17,2460.26,1400.95,1196.24
11/27/2009,12121.71,2405.92,1381.9,1166.91
11/28/2009,12136.45,2412.61,1386.72,1172.65
11/29/2009,12226.73,2432.23,1399.48,1186.37
11/30/2009,12221.93,2431.77,1400.63,1189.31
12/1/2009,12194.13,2413.21,1396.71,1181.17
12/4/2009,12283.85,2448.39,1409.12,1202.87
12/5/2009,12331.6,2452.38,1414.76,1204.77
12/6/2009,12309.25,2445.86,1412.9,1201.83
12/7/2009,12278.41,2427.69,1407.29,1195.93
12/8/2009,12307.49,2437.36,1409.84,1195.34
12/11/2009,12328.48,2442.86,1413.04,1197.49
12/12/2009,12315.58,2431.6,1411.56,1193.47
12/13/2009,12317.5,2432.41,1413.21,1194.82
12/14/2009,12416.76,2453.85,1425.49,1203.36
12/15/2009,12445.52,2457.2,1427.09,1202.4
12/18/2009,12441.27,2435.57,1422.48,1186.12
12/19/2009,12471.32,2429.55,1425.55,1186.52
12/20/2009,12463.87,2427.61,1423.53,1191.86
12/21/2009,12421.25,2415.85,1418.3,1188.92
12/22/2009,12343.22,2401.18,1410.76,1185.17
12/26/2009,12407.63,2413.51,1416.9,1198.77
12/27/2009,12510.57,2431.22,1426.84,1212.85
12/28/2009,12501.52,2425.57,1424.73,1207.94
12/29/2009,12463.15,2415.29,1418.3,1197.11
1/3/2010,12474.52,2423.16,1416.6,1198.39
1/4/2010,12480.69,2453.43,1418.34,1200.74
1/5/2010,12398.01,2434.25,1409.71,1177.1
1/8/2010,12423.49,2438.2,1412.84,1178.06
1/9/2010,12416.6,2443.83,1412.11,1181.21
1/10/2010,12442.16,2459.33,1414.85,1180.8
1/11/2010,12514.98,2484.85,1423.82,1195.42
1/12/2010,12556.08,2502.82,1430.73,1202.62
1/16/2010,12582.59,2497.78,1431.9,1198.36
1/17/2010,12577.15,2479.42,1430.62,1193.64
1/18/2010,12567.93,2443.21,1426.37,1180.32
1/19/2010,12565.53,2451.31,1430.5,1191.52
1/22/2010,12477.16,2431.07,1422.95,1180.27
1/23/2010,12533.8,2431.41,1427.99,1190.57
1/24/2010,12621.77,2466.28,1440.13,1203.01
1/25/2010,12502.56,2434.24,1423.9,1187.85
1/26/2010,12487.02,2435.49,1422.18,1194.96
1/29/2010,12490.78,2441.09,1420.62,1203.46
1/30/2010,12523.31,2448.64,1428.82,1211.2
1/31/2010,12621.69,2463.93,1438.24,1213.87
2/1/2010,12673.68,2468.38,1445.94,1223.07
2/2/2010,12653.49,2475.88,1448.39,1226.31
2/5/2010,12661.74,2470.6,1446.99,1222.54
2/6/2010,12666.31,2471.49,1448,1228.2
2/7/2010,12666.87,2490.5,1450.02,1238.41
2/8/2010,12637.63,2488.67,1448.31,1237.16
2/9/2010,12580.83,2459.82,1438.06,1224.14
2/12/2010,12552.55,2450.38,1433.37,1222.22
2/13/2010,12654.85,2459.88,1444.26,1232.31
2/14/2010,12741.86,2488.38,1455.3,1232.38
2/15/2010,12765.01,2497.1,1456.81,1233.45
2/16/2010,12767.57,2496.31,1455.54,1236.34
2/20/2010,12786.64,2513.04,1459.68,1247.81
2/21/2010,12738.41,2518.42,1457.63,1248.09
2/22/2010,12686.02,2524.94,1456.38,1250.44
2/23/2010,12647.48,2515.1,1451.19,1244.05
2/26/2010,12632.26,2504.52,1449.37,1240.6
2/27/2010,12216.24,2407.57,1399.04,1194.69
2/28/2010,12268.63,2416.15,1406.82,1197.38
3/1/2010,12234.34,2404.21,1403.17,1195.1
3/2/2010,12114.1,2368,1387.17,1173.79
3/5/2010,12050.41,2344.96,1374.12,1149.06
3/6/2010,12207.59,2385.14,1395.41,1177.95
3/7/2010,12192.45,2374.64,1391.97,1173.02
3/8/2010,12260.7,2387.73,1401.89,1180.48
3/9/2010,12276.32,2387.55,1402.85,1187.47
3/12/2010,12318.62,2402.29,1406.6,1192.83
3/13/2010,12075.96,2350.57,1377.95,1162.04
3/14/2010,12133.4,2371.74,1387.17,1174.19
3/15/2010,12159.68,2378.7,1392.28,1187.12
3/16/2010,12110.41,2372.66,1386.95,1179.25
3/19/2010,12226.17,2394.41,1402.06,1192.2
3/20/2010,12288.1,2408.21,1410.94,1202.53
3/21/2010,12447.52,2455.92,1435.04,1222.62
3/22/2010,12461.14,2451.74,1434.54,1221.27
3/23/2010,12481.01,2448.93,1436.11,1222.81
3/26/2010,12469.07,2455.63,1437.5,1221.61
3/27/2010,12397.29,2437.43,1428.61,1210.28
3/28/2010,12300.36,2417.1,1417.23,1202.96
3/29/2010,12348.75,2417.88,1422.53,1206.36
3/30/2010,12354.35,2421.64,1420.86,1209.28
4/2/2010,12382.3,2422.26,1424.55,1213.63
4/3/2010,12510.3,2450.33,1437.77,1226.74
4/4/2010,12530.05,2458.69,1439.37,1223.46
4/5/2010,12560.2,2471.34,1443.76,1225.99
4/9/2010,12569.14,2469.18,1444.61,1222.54
4/10/2010,12573.85,2477.61,1448.39,1227.07
4/11/2010,12484.62,2459.31,1438.87,1216.59
4/12/2010,12552.96,2480.32,1447.8,1225.16
4/13/2010,12612.13,2491.94,1452.85,1231.5
4/16/2010,12720.46,2518.33,1468.47,1249.41
4/17/2010,12773.04,2516.95,1471.48,1246.58
4/18/2010,12803.84,2510.5,1472.5,1239.36
4/19/2010,12808.63,2505.35,1470.73,1231.55
4/20/2010,12961.98,2526.39,1484.35,1246.35
4/23/2010,12919.4,2523.67,1480.93,1243.08
4/24/2010,12953.94,2524.54,1480.41,1241.5
4/25/2010,13089.89,2547.89,1495.42,1250.96
4/26/2010,13105.5,2554.46,1494.25,1251.72
4/27/2010,13120.94,2557.21,1494.07,1244.18
4/30/2010,13062.91,2525.09,1482.37,1220.59
5/1/2010,13136.14,2531.53,1486.3,1224.89
5/2/2010,13211.88,2557.84,1495.92,1242.29
5/3/2010,13241.38,2565.46,1502.39,1243.63
5/4/2010,13264.62,2572.15,1505.62,1249.19
5/7/2010,13312.97,2570.95,1509.48,1248.59
5/8/2010,13309.07,2571.75,1507.72,1246.58
5/9/2010,13362.87,2576.34,1512.58,1251.04
5/10/2010,13215.13,2533.74,1491.47,1227.8
5/11/2010,13326.22,2562.22,1505.85,1244.86
5/14/2010,13346.78,2546.44,1503.15,1234.32
5/15/2010,13383.84,2525.29,1501.19,1222.35
5/16/2010,13487.53,2547.42,1514.14,1232.14
5/17/2010,13476.72,2539.38,1512.75,1224.07
5/18/2010,13556.53,2558.45,1522.75,1231.74
5/21/2010,13542.88,2578.79,1525.1,1244.7
5/22/2010,13539.95,2588.02,1524.12,1254.23
5/23/2010,13525.65,2577.05,1522.28,1248.14
5/24/2010,13441.13,2537.92,1507.51,1229.8
5/25/2010,13507.28,2557.19,1515.73,1238.24
5/29/2010,13521.34,2572.06,1518.11,1250.98
5/30/2010,13633.08,2592.59,1530.23,1260.31
5/31/2010,13627.64,2604.52,1530.62,1263.53
6/1/2010,13668.11,2613.92,1536.34,1273.2
6/4/2010,13676.32,2618.29,1539.18,1276.63
6/5/2010,13595.46,2611.23,1530.95,1264.21
6/6/2010,13465.67,2587.18,1517.38,1254.29
6/7/2010,13266.73,2541.38,1490.72,1231.28
6/8/2010,13424.39,2573.54,1507.67,1246.34
6/11/2010,13424.96,2572.15,1509.12,1242.7
6/12/2010,13295.01,2549.77,1493,1225.84
6/13/2010,13482.35,2582.31,1515.67,1241.03
6/14/2010,13553.72,2599.41,1522.97,1245.95
6/15/2010,13639.48,2626.71,1532.91,1262.57
6/18/2010,13612.98,2626.6,1531.05,1258.8
6/19/2010,13635.42,2626.76,1533.7,1261.76
6/20/2010,13489.42,2599.96,1512.84,1242.54
6/21/2010,13545.84,2616.96,1522.19,1246.9
6/22/2010,13360.26,2588.96,1502.56,1238.61
6/25/2010,13352.05,2577.08,1497.74,1227.47
6/26/2010,13337.66,2574.16,1492.89,1224.29
6/27/2010,13427.73,2605.35,1506.34,1240.39
6/28/2010,13422.28,2608.37,1505.71,1241.57
6/29/2010,13408.62,2603.23,1503.35,1231.62
7/2/2010,13535.43,2632.3,1519.43,1247.07
7/3/2010,13577.3,2644.95,1524.87,1250.86
7/5/2010,13565.84,2656.65,1525.4,1252.35
7/6/2010,13611.68,2666.51,1525.88,1254.14
7/9/2010,13649.97,2670.02,1531.85,1255.35
7/10/2010,13501.7,2639.16,1510.12,1230.1
7/11/2010,13577.87,2651.79,1518.76,1232.41
7/12/2010,13861.73,2701.73,1547.7,1254.34
7/13/2010,13907.25,2707,1552.5,1254.43
7/16/2010,13950.98,2697.33,1549.52,1242.27
7/17/2010,13971.55,2712.29,1549.37,1243.42
7/18/2010,13918.22,2699.49,1546.17,1236.81
7/19/2010,14000.41,2720.04,1553.08,1243.66
7/20/2010,13851.08,2687.6,1534.1,1220.46
7/23/2010,13943.42,2690.58,1541.57,1217.74
7/24/2010,13716.95,2639.86,1511.04,1180.91
7/25/2010,13785.07,2648.17,1518.09,1182.85
7/26/2010,13473.57,2599.34,1482.66,1150.78
7/27/2010,13265.47,2562.24,1458.95,1129.96
7/30/2010,13358.31,2583.28,1473.91,1138.95
7/31/2010,13211.99,2546.27,1455.27,1125.53
8/1/2010,13362.37,2553.87,1465.81,1128.24
8/2/2010,13463.33,2575.98,1472.2,1134.5
8/3/2010,13181.91,2511.25,1433.06,1088.64
8/6/2010,13468.78,2547.33,1467.67,1104.38
8/7/2010,13504.3,2561.6,1476.71,1108.41
8/8/2010,13657.86,2612.98,1497.49,1138.19
8/9/2010,13270.68,2556.49,1453.09,1121.4
8/10/2010,13239.54,2544.89,1453.64,1137.65
8/13/2010,13236.53,2542.24,1452.92,1122.71
8/14/2010,13028.92,2499.12,1426.54,1097.93
8/15/2010,12861.47,2458.83,1406.7,1081.38
8/16/2010,12845.78,2451.07,1411.27,1116.26
8/17/2010,13079.08,2505.03,1445.94,1142.39
8/20/2010,13121.35,2508.59,1445.55,1142.19
8/21/2010,13090.86,2521.3,1447.12,1144.81
8/22/2010,13236.13,2552.8,1464.07,1158.83
8/23/2010,13235.88,2541.7,1462.5,1143.04
8/24/2010,13378.87,2576.69,1479.37,1158.03
8/27/2010,13322.13,2561.25,1466.79,1143.35
8/28/2010,13041.85,2500.64,1432.36,1110.96
8/29/2010,13289.29,2563.16,1463.76,1140.5
8/30/2010,13238.73,2565.3,1457.64,1132.9
8/31/2010,13357.74,2596.36,1473.99,1146.28
9/4/2010,13448.86,2630.24,1489.42,1155.96
9/5/2010,13305.47,2605.95,1472.29,1138.86
9/6/2010,13363.35,2614.32,1478.55,1141.87
9/7/2010,13113.38,2565.7,1453.55,1117.42
9/10/2010,13127.85,2559.11,1451.7,1108.41
9/11/2010,13308.39,2597.47,1471.49,1124.75
9/12/2010,13291.65,2592.07,1471.56,1116.73
9/13/2010,13424.88,2601.06,1483.95,1120.17
9/14/2010,13442.52,2602.18,1484.25,1125.01
9/17/2010,13403.42,2581.66,1476.65,1113.35
9/18/2010,13739.39,2651.66,1519.78,1161
9/19/2010,13815.56,2666.48,1529.03,1178.99
9/20/2010,13766.7,2654.29,1518.75,1166.41
9/21/2010,13820.19,2671.22,1525.75,1169.52
9/24/2010,13759.06,2667.95,1517.73,1155.46
9/25/2010,13778.65,2683.45,1517.21,1147.22
9/26/2010,13878.15,2699.03,1525.42,1155.51
9/27/2010,13912.94,2709.59,1531.38,1162.12
9/28/2010,13895.63,2701.5,1526.75,1149.07
10/1/2010,14087.55,2740.99,1547.04,1177.25
10/2/2010,14047.31,2747.11,1546.63,1188.32
10/3/2010,13968.05,2729.43,1539.59,1176.66
10/4/2010,13974.31,2733.57,1542.84,1180.45
10/5/2010,14066.01,2780.32,1557.59,1202.05
10/8/2010,14043.73,2787.37,1552.58,1193.81
10/9/2010,14164.53,2803.91,1565.15,1200.22
10/10/2010,14078.69,2811.61,1562.47,1196.62
10/11/2010,14015.12,2772.2,1554.41,1184.48
10/12/2010,14093.08,2805.68,1561.8,1191.57
10/15/2010,13984.8,2780.05,1548.71,1172.25
10/16/2010,13912.94,2763.91,1538.53,1162.46
10/17/2010,13892.54,2792.67,1541.24,1161.24
10/18/2010,13888.96,2799.31,1540.08,1159.5
10/19/2010,13522.02,2725.16,1500.63,1121.31
10/22/2010,13566.97,2753.93,1506.33,1139.8
10/23/2010,13676.23,2799.26,1519.59,1148.32
10/24/2010,13675.25,2774.76,1515.88,1135.88
10/25/2010,13671.92,2750.86,1514.4,1131.87
10/26/2010,13806.7,2804.19,1535.28,1153.74
10/29/2010,13870.26,2817.44,1540.98,1150.77
10/30/2010,13792.47,2816.71,1531.02,1143.98
10/31/2010,13930.01,2859.12,1549.38,1160.37
11/1/2010,13567.87,2794.83,1508.44,1109.3
11/2/2010,13595.1,2810.38,1509.65,1107.85
11/5/2010,13543.4,2795.18,1502.17,1097.46
11/6/2010,13660.94,2825.18,1520.27,1112.33
11/7/2010,13300.02,2748.76,1475.62,1072.89
11/8/2010,13266.29,2696,1474.77,1088.85
11/9/2010,13042.74,2627.94,1453.7,1081.9
11/12/2010,12987.55,2584.13,1439.18,1080.05
11/13/2010,13307.09,2673.65,1481.05,1111.26
11/14/2010,13231.01,2644.32,1470.58,1098.64
11/15/2010,13110.05,2618.51,1451.15,1084.61
11/16/2010,13176.79,2637.24,1458.74,1078.64
11/19/2010,12958.44,2593.38,1433.27,1051.41
11/20/2010,13010.14,2596.81,1439.7,1051
11/21/2010,12799.04,2562.15,1416.77,1040.15
11/23/2010,12980.88,2596.6,1440.7,1062.58
11/26/2010,12743.44,2540.99,1407.22,1026.91
11/27/2010,12958.44,2580.8,1428.23,1039.77
11/28/2010,13289.45,2662.91,1469.02,1076.77
11/29/2010,13311.73,2668.13,1469.72,1067.59
11/30/2010,13371.72,2660.96,1481.14,1071.67
12/3/2010,13314.57,2637.13,1472.42,1058.53
12/4/2010,13248.73,2619.83,1462.79,1046.38
12/5/2010,13444.96,2666.36,1485.01,1066.07
12/6/2010,13619.89,2709.03,1507.34,1098
12/7/2010,13625.58,2706.16,1504.66,1095.13
12/10/2010,13727.03,2718.95,1515.96,1104.56
12/11/2010,13432.77,2652.35,1477.65,1068.26
12/12/2010,13473.9,2671.14,1486.59,1073.74
12/13/2010,13517.96,2668.49,1488.41,1070.62
12/14/2010,13339.85,2635.74,1467.95,1045.12
12/17/2010,13167.2,2574.46,1445.9,1028.55
12/18/2010,13232.47,2596.03,1454.98,1051.61
12/19/2010,13207.27,2601.01,1453,1051.72
12/20/2010,13245.64,2640.86,1460.12,1066.09
12/21/2010,13450.65,2691.99,1484.46,1092.12
12/24/2010,13549.33,2713.5,1496.45,1105.22
12/26/2010,13550.04,2724.41,1497.66,1106
12/27/2010,13551.69,2676.79,1476.27,1071.32
12/28/2010,13359.61,2674.46,1478.49,1065.69
12/31/2010,13365.87,2652.28,1468.36,1059.69
1/2/2011,13264.82,2609.63,1447.16,1041.51
1/3/2011,13043.96,2602.68,1447.16,1026.32
1/4/2011,13056.72,2504.65,1411.63,995.71
1/7/2011,12800.18,2499.46,1416.18,1004.29
1/8/2011,12827.49,2440.51,1390.19,974.81
1/9/2011,12589.07,2474.55,1409.13,985.02
1/10/2011,12735.31,2488.52,1420.33,996.44
1/11/2011,12853.09,2439.94,1401.02,974.37
1/14/2011,12606.3,2478.3,1416.25,984.57
1/15/2011,12778.15,2417.59,1380.95,965.25
1/16/2011,12501.11,2394.59,1373.2,974.71
1/17/2011,12466.16,2346.9,1333.25,947.55
1/18/2011,12159.21,2340.02,1325.19,934.94
1/22/2011,12099.3,2292.27,1310.5,938.23
1/23/2011,11971.19,2316.41,1338.6,980.07
1/24/2011,12270.17,2360.92,1352.07,973.95
1/25/2011,12378.61,2326.2,1330.61,968.2
1/28/2011,12207.17,2349.91,1353.96,991.66
1/29/2011,12383.89,2358.06,1362.3,996.71
1/30/2011,12480.3,2349,1355.81,983.76
1/31/2011,12442.83,2389.86,1378.55,1015.08
2/1/2011,12650.36,2413.36,1395.42,1036.28
2/4/2011,12743.19,2382.85,1380.82,1024.76
2/5/2011,12635.16,2309.57,1336.64,997.06
2/6/2011,12265.13,2278.75,1326.45,988.38
2/7/2011,12200.1,2293.03,1336.91,1004.16
2/8/2011,12247,2304.85,1331.29,995.04
2/11/2011,12182.13,2320.06,1339.13,992.87
2/12/2011,12240.01,2320.04,1348.86,1001.5
2/13/2011,12373.41,2373.93,1367.21,1023.03
2/14/2011,12552.24,2332.54,1348.86,999.08
2/15/2011,12376.98,2321.8,1349.99,996.02
2/19/2011,12348.21,2306.2,1348.78,997.54
2/20/2011,12337.22,2327.1,1360.03,1011.65
2/21/2011,12427.26,2299.78,1342.53,990.53
2/22/2011,12284.3,2303.35,1353.11,991.34
2/25/2011,12381.02,2327.48,1371.8,1012.82
2/26/2011,12570.22,2344.99,1381.29,1020.53
2/27/2011,12684.92,2353.78,1380.02,1018.73
2/28/2011,12694.28,2331.57,1367.68,1000.64
3/3/2011,12266.39,2258.6,1331.34,970.24
3/4/2011,12258.9,2260.28,1326.75,967.6
3/5/2011,12213.8,2272.81,1333.7,968.97
3/6/2011,12254.99,2220.5,1304.34,938.88
3/7/2011,12040.39,2212.49,1293.37,940.26
3/10/2011,11893.69,2169.34,1273.37,924.4
3/11/2011,11740.15,2255.76,1320.65,968.83
3/12/2011,12156.81,2243.87,1308.77,956.55
3/13/2011,12110.24,2263.61,1315.48,974.69
3/14/2011,12145.74,2212.49,1288.14,950.69
3/17/2011,11951.09,2177.01,1276.6,937.81
3/18/2011,11972.25,2268.26,1330.74,981.92
3/19/2011,12392.66,2209.96,1298.42,956.73
3/20/2011,12099.66,2258.11,1329.51,984.64
3/24/2011,12361.32,2326.75,1349.88,1007.29
3/25/2011,12548.64,2341.05,1352.99,1012.36
3/26/2011,12532.6,2324.36,1341.13,1006.54
3/27/2011,12422.86,2280.83,1325.76,990.99
3/28/2011,12302.46,2261.18,1315.22,977.54
3/31/2011,12216.4,2279.1,1322.7,985.47
4/1/2011,12262.89,2362.75,1370.18,1018.8
4/2/2011,12654.36,2361.4,1367.53,1020.22
4/3/2011,12605.83,2363.3,1369.31,1020.32
4/4/2011,12626.03,2370.98,1370.4,1018.06
4/7/2011,12609.42,2364.83,1372.54,1018.47
4/8/2011,12612.43,2348.76,1365.54,1016.06
4/9/2011,12576.44,2322.12,1354.49,995.24
4/10/2011,12527.26,2351.7,1360.55,1006.22
4/11/2011,12581.98,2290.24,1332.83,980.92
4/14/2011,12325.42,2275.82,1328.32,978.37
4/15/2011,12302.06,2286.04,1334.43,990.53
4/16/2011,12362.47,2350.11,1364.71,1020.94
4/17/2011,12619.27,2341.83,1365.56,1015.25
4/18/2011,12620.49,2402.97,1390.33,1032.1
4/21/2011,12849.36,2408.04,1388.17,1023.66
4/22/2011,12825.02,2376.94,1375.94,1003.74
4/23/2011,12720.23,2405.21,1379.93,1005.02
4/24/2011,12763.22,2428.92,1388.82,1019.38
4/25/2011,12848.95,2422.93,1397.84,1023.64
4/28/2011,12891.86,2424.4,1396.37,1029.44
4/29/2011,12871.75,2426.1,1390.94,1020.26
4/30/2011,12831.94,2412.8,1385.59,1015.33
5/1/2011,12820.13,2480.71,1409.34,1036.81
5/2/2011,13010,2476.99,1413.9,1029.8
5/5/2011,13058.2,2464.12,1407.49,1027.09
5/6/2011,12969.54,2483.31,1418.26,1034.56
5/7/2011,13020.83,2438.49,1392.57,1014.55
5/8/2011,12814.35,2451.24,1397.68,1016.42
5/9/2011,12866.78,2445.52,1388.28,1016.1
5/12/2011,12745.88,2488.49,1403.58,1035.51
5/13/2011,12876.31,2495.12,1403.04,1039.5
5/14/2011,12832.18,2496.7,1408.66,1038.39
5/15/2011,12898.38,2533.73,1423.57,1046.78
5/16/2011,12992.66,2528.85,1425.35,1041.64
5/19/2011,12986.8,2516.09,1426.63,1038.08
5/20/2011,13028.16,2492.26,1413.4,1034.75
5/21/2011,12828.68,2448.27,1390.71,1025.43
5/22/2011,12601.19,2464.58,1394.35,1034.12
5/23/2011,12625.62,2444.67,1375.93,1019.71
5/27/2011,12479.63,2481.24,1385.35,1033.32
5/28/2011,12548.35,2486.7,1390.84,1036.76
5/29/2011,12594.03,2508.32,1398.26,1046.6
5/30/2011,12646.22,2522.66,1400.38,1048.33
6/2/2011,12638.32,2491.53,1385.67,1038.63
6/3/2011,12503.82,2480.48,1377.65,1036.56
6/4/2011,12402.85,2503.14,1377.2,1042.55
6/5/2011,12390.48,2549.94,1404.05,1069.72
6/6/2011,12604.45,2474.56,1360.68,1036.72
6/9/2011,12209.81,2459.46,1361.76,1029.26
6/10/2011,12280.32,2448.94,1358.44,1026.8
6/11/2011,12289.76,2394.01,1335.49,1004.98
6/12/2011,12083.77,2404.35,1339.87,1007.76
6/13/2011,12141.58,2454.5,1357.5,1023.24
6/16/2011,12307.35,2474.78,1360.14,1031.99
6/17/2011,12269.08,2457.73,1350.93,1023.5
6/18/2011,12160.3,2429.71,1337.81,1014.5
6/19/2011,12029.06,2462.06,1342.83,1022.8
6/20/2011,12063.09,2406.09,1317.93,1006.4
6/23/2011,11842.69,2385.74,1318,996.1
6/24/2011,11842.36,2368.28,1314.29,981.51
6/25/2011,11807.43,2401.26,1321.97,992.01
6/26/2011,11811.83,2321.37,1283.15,966.82
6/27/2011,11453.42,2315.63,1278.38,961.44
6/30/2011,11346.51,2292.98,1280,945.43
7/1/2011,11350.01,2304.97,1284.91,949.17
7/2/2011,11382.26,2251.46,1261.52,923.02
7/3/2011,11215.51,2245.38,1262.9,914.47
7/7/2011,11288.54,2243.32,1252.31,902.92
7/8/2011,11231.96,2294.44,1273.69,942.76
7/9/2011,11384.21,2234.89,1244.68,911.75
7/10/2011,11147.44,2257.85,1253.39,919.61
7/11/2011,11229.02,2239.08,1239.49,925.44
7/14/2011,11100.54,2212.87,1228.3,905.48
7/15/2011,11055.19,2215.71,1214.91,899.71
7/16/2011,10962.54,2284.85,1245.36,941.05
7/17/2011,11239.28,2312.3,1260.31,962.86
7/18/2011,11446.66,2282.78,1260.68,958.78
7/21/2011,11496.57,2279.53,1260,964.28
7/22/2011,11467.34,2303.96,1277,997.65
7/23/2011,11602.5,2325.88,1282.18,1005.08
7/24/2011,11632.38,2280.11,1252.54,976.85
7/25/2011,11349.28,2310.53,1257.76,988.29
7/28/2011,11370.69,2264.22,1234.37,965.7
7/29/2011,11131.08,2319.62,1263.19,997.59
7/30/2011,11397.56,2329.72,1284.26,1000.56
7/31/2011,11583.69,2325.55,1267.38,992.38
8/1/2011,11378.02,2310.96,1260.31,997.5
8/4/2011,11326.32,2285.56,1249.01,982.7
8/5/2011,11284.15,2349.83,1284.88,1012.74
8/6/2011,11615.77,2378.37,1289.18,1014.97
8/7/2011,11656.07,2355.73,1266.06,991.98
8/8/2011,11431.43,2414.1,1296.31,1027
8/11/2011,11734.32,2439.95,1305.31,1054.75
8/12/2011,11782.35,2430.61,1289.59,1045.49
8/13/2011,11642.47,2428.62,1285.82,1046.17
8/14/2011,11532.96,2453.67,1292.93,1056.27
8/15/2011,11615.93,2452.52,1298.19,1057.66
8/18/2011,11659.9,2416.98,1278.6,1041.67
8/19/2011,11479.39,2384.36,1266.68,1022.93
8/20/2011,11348.55,2389.08,1274.54,1022.88
8/21/2011,11417.43,2380.38,1277.72,1012.31
8/22/2011,11430.21,2414.71,1292.19,1033.38
8/25/2011,11628.06,2365.59,1266.84,1007.8
8/26/2011,11386.25,2361.97,1271.51,1013.27
8/27/2011,11412.87,2382.46,1281.66,1025.95
8/28/2011,11502.51,2411.64,1300.68,1049.65
8/29/2011,11715.18,2367.52,1282.82,1037.83
9/1/2011,11543.55,2349.24,1282.827967,1041.38
9/2/2011,11516.92,2333.73,1277.57,1053.11
9/3/2011,11532.88,2259.04,1274.98,1022.93
9/4/2011,11188.23,2255.88,1236.82,1025.74
9/5/2011,11220.96,2269.76,1242.31,1053.05
9/8/2011,11510.74,2209.81,1267.79,1019.86
9/9/2011,11230.73,2228.7,1224.51,1032.57
9/10/2011,11268.92,2258.22,1232.04,1035.9
9/11/2011,11433.71,2261.27,1249.05,1038.24
9/12/2011,11421.99,2179.91,1251.69,993.05
9/15/2011,10917.51,2207.9,1192.69,1027.01
9/16/2011,11059.02,2098.85,1213.6,974.6
9/17/2011,10609.66,2199.1,1156.39,1053.47
9/18/2011,11019.69,2273.9,1206.51,1096.02
9/19/2011,11388.44,2178.98,1255.07,1038.25
9/22/2011,11015.69,2153.33,1207.09,1024.2
9/23/2011,10854.17,2155.68,1188.22,1006.77
9/24/2011,10825.17,2186.57,1185.87,1019.11
9/25/2011,11022.06,2183.34,1209.18,1020.06
9/26/2011,11143.13,1983.73,1213.27,950.8
9/29/2011,10365.45,2082.33,1106.42,986.78
9/30/2011,10850.66,2069.4,1164.74,979.56
10/1/2011,10831.07,1976.72,1161.06,934.52
10/2/2011,10482.85,1947.39,1114.28,908.55
10/3/2011,10325.38,1862.96,1099.23,880.48
10/6/2011,9955.5,1754.88,1056.89,822.22
10/7/2011,9447.11,1740.33,996.23,801.81
10/8/2011,9258.1,1645.12,984.94,723.01
10/9/2011,8579.19,1649.51,909.92,765.86
10/10/2011,8451.19,1844.25,899.22,830.79
10/13/2011,9387.61,1779.01,1003.35,809.58
10/14/2011,9310.99,1628.33,998.01,735.63
10/15/2011,8577.91,1717.71,907.84,786.54
10/16/2011,8979.26,1711.29,946.43,767.66
10/17/2011,8852.22,1770.03,940.55,793.49
10/20/2011,9265.43,1696.68,985.4,770.02
10/21/2011,9033.66,1615.75,955.05,729.3
10/22/2011,8519.21,1603.91,896.78,713.39
10/23/2011,8691.25,1552.03,908.11,687.18
10/24/2011,8378.95,1505.9,876.77,655.59
10/27/2011,8175.77,1649.47,848.92,709.53
10/28/2011,9065.12,1657.21,940.51,717.71
10/29/2011,8990.96,1698.52,930.09,752.55
10/30/2011,9180.69,1720.95,954.09,788.14
10/31/2011,9325.01,1726.33,968.75,789.45
11/3/2011,9319.83,1780.12,966.3,797.63
11/4/2011,9625.28,1681.64,1005.75,749.1
11/5/2011,9139.27,1608.7,952.77,723.53
11/6/2011,8695.79,1647.4,904.88,737.71
11/7/2011,8943.81,1616.74,930.99,715.42
11/10/2011,8870.54,1580.9,919.21,701.41
11/11/2011,8693.96,1499.21,898.95,659.27
11/12/2011,8282.66,1596.7,852.3,718.1
11/13/2011,8835.25,1516.85,911.29,665.72
11/14/2011,8497.31,1482.05,873.29,658.48
11/17/2011,8273.58,1483.27,850.75,656.05
11/18/2011,8424.75,1386.42,859.12,602.29
11/19/2011,7997.28,1316.12,806.58,562.59
11/20/2011,7552.29,1384.35,752.44,595.02
11/21/2011,8046.42,1472.02,800.03,641.2
11/24/2011,8443.39,1464.73,851.81,652.25
11/25/2011,8479.47,1532.1,857.39,688.31
11/26/2011,8726.61,1532.1,887.68,688.31
11/28/2011,8726.61,1535.57,896.24,695.27
12/1/2011,8829.04,1398.07,816.21,605.51
12/2/2011,8149.09,1449.8,848.81,646.62
12/3/2011,8419.09,1492.38,870.74,666.74
12/4/2011,8591.69,1445.56,845.22,647.5
12/5/2011,8376.24,1509.31,876.07,680.83
12/8/2011,8635.42,1571.74,909.7,707.5
12/9/2011,8934.18,1547.34,888.67,680.9
12/10/2011,8691.33,1565.48,899.24,696.56
12/11/2011,8761.42,1507.88,873.59,655.03
12/12/2011,8565.09,1540.72,879.73,683.72
12/15/2011,8629.68,1508.34,868.57,660.37
12/16/2011,8564.53,1589.89,913.18,708.3
12/17/2011,8924.14,1579.31,904.42,711.81
12/18/2011,8824.34,1552.37,885.28,699.9
12/19/2011,8604.99,1564.32,887.88,712.34
12/22/2011,8579.11,1532.35,871.63,697.04
12/23/2011,8519.77,1521.54,863.16,687.93
12/24/2011,8419.49,1524.9,865.02,691.05
12/26/2011,8468.48,1524.9,872.8,691.05
12/29/2011,8468.48,1530.24,869.42,699.97
12/30/2011,8515.55,1510.32,890.64,683.85
12/31/2011,8483.93,1550.7,903.25,709.93
1/2/2012,8668.39,1577.03,931.8,735.37
1/5/2012,8776.39,1577.03,927.45,735.37
1/6/2012,8776.39,1632.21,934.7,740.19
1/7/2012,9034.69,1628.03,906.65,734.97
1/8/2012,8952.89,1652.38,909.73,750.24
1/9/2012,9015.1,1599.06,890.35,724.84
1/12/2012,8769.7,1617.01,870.26,732.6
1/13/2012,8742.46,1571.59,871.79,700.06
1/14/2012,8599.18,1538.79,842.62,681.59
1/15/2012,8473.97,1546.46,843.74,690.6
1/16/2012,8448.56,1489.64,850.12,658.13
1/20/2012,8200.14,1511.84,805.22,669.84
1/21/2012,8212.49,1529.33,840.24,675.31
1/22/2012,8281.22,1440.86,827.5,622.39
1/23/2012,8281.22,1507.07,831.95,656.88
1/26/2012,7949.09,1465.49,836.57,633.77
1/27/2012,8228.1,1477.29,845.71,637.46
1/28/2012,8122.8,1489.46,874.09,645.06
1/29/2012,8077.56,1504.9,845.14,652.72
1/30/2012,8116.03,1558.34,825.88,679.54
2/2/2012,8174.73,1507.84,825.44,646.94
2/3/2012,8375.45,1476.42,838.51,629.5
2/4/2012,8149.01,1494.43,832.23,640.6
2/5/2012,8000.86,1516.3,845.85,640.67
2/6/2012,7936.83,1515.05,868.6,632.07
2/9/2012,8078.36,1546.24,869.89,640.58
2/10/2012,7956.66,1591.71,827.16,666.08
2/11/2012,8063.07,1591.56,833.74,661.53
2/12/2012,8280.59,1524.73,835.19,625.6
2/13/2012,8270.87,1530.5,826.84,629.54
2/17/2012,7888.88,1541.71,789.17,630.5
2/18/2012,7939.53,1534.36,788.42,623.58
2/19/2012,7932.76,1470.66,778.94,595.02
2/20/2012,7850.41,1467.97,770.05,586.99
2/23/2012,7850.41,1442.82,743.33,575.42
2/24/2012,7552.6,1441.23,773.14,567.77
2/25/2012,7555.63,1387.72,764.9,543.56
2/26/2012,7465.95,1441.83,752.83,571.25
2/27/2012,7365.67,1425.43,735.09,555.39
3/2/2012,7114.78,1391.47,700.82,545.96
3/3/2012,7350.94,1377.84,696.33,540.72
3/4/2012,7270.89,1322.85,712.87,513.33
3/5/2012,7182.08,1321.01,682.55,499.18
3/6/2012,7062.93,1353.74,683.38,513.25
3/9/2012,6763.29,1299.59,676.53,478.86
3/10/2012,6726.02,1293.85,719.6,480.83
3/11/2012,6875.84,1268.64,721.36,469.32
3/12/2012,6594.44,1358.28,750.74,506.19
3/13/2012,6626.94,1371.64,756.55,503.84
3/16/2012,6547.05,1426.1,753.89,538.9
3/17/2012,6926.49,1431.5,778.12,543.29
3/18/2012,6930.4,1404.02,794.35,534.26
3/19/2012,7170.06,1462.11,784.04,560.27
3/20/2012,7223.98,1491.22,768.54,583.93
3/23/2012,7216.97,1483.48,822.92,574.7
3/24/2012,7395.7,1457.27,806.25,556.5
3/25/2012,7486.58,1555.77,813.88,607.28
3/26/2012,7400.8,1516.52,832.86,579.15
3/27/2012,7278.38,1528.95,815.94,593.96
3/30/2012,7775.86,1587,787.53,619.47
3/31/2012,7659.97,1545.2,797.87,595.14
4/1/2012,7749.81,1501.8,811.08,574.49
4/2/2012,7924.56,1528.59,834.38,586.68
4/3/2012,7776.18,1551.6,842.5,597.99
4/6/2012,7522.02,1602.63,835.48,629.82
4/7/2012,7608.92,1621.87,815.55,639.39
4/8/2012,7761.6,1606.71,825.16,626.48
4/9/2012,7978.08,1561.61,856.56,603.19
4/13/2012,8017.59,1590.66,858.73,616.79
4/14/2012,7975.85,1652.54,841.5,657.29
4/15/2012,7789.56,1652.54,852.06,657.29
4/16/2012,7837.11,1653.31,865.3,659.2
4/17/2012,8083.38,1625.72,869.6,631.34
4/20/2012,8083.38,1626.8,832.39,647.93
4/21/2012,8057.81,1670.44,850.08,665.53
4/22/2012,7920.18,1673.07,843.55,672.57
4/23/2012,8029.62,1608.21,851.92,628.52
4/24/2012,8125.43,1643.85,866.23,659.22
4/27/2012,8131.33,1646.12,857.51,656.86
4/28/2012,7841.73,1652.21,855.16,651.45
4/29/2012,7969.56,1694.29,873.64,670.05
4/30/2012,7886.57,1679.41,872.81,653.17
5/1/2012,7957.06,1673.81,877.52,658.97
5/4/2012,8076.29,1711.94,907.24,685.3
5/5/2012,8025,1717.3,903.8,678.55
5/6/2012,8016.95,1719.2,919.53,675.97
5/7/2012,8185.73,1763.56,907.39,707.04
5/8/2012,8168.12,1754.12,929.23,699.16
5/11/2012,8212.41,1759.1,909.24,706.73
5/12/2012,8426.74,1716.24,908.35,689.5
5/13/2012,8410.65,1739,883.92,722.31
5/14/2012,8512.28,1731.24,893.07,704.21
5/15/2012,8409.85,1715.92,882.88,693.39
5/18/2012,8574.65,1664.19,909.71,658.58
5/19/2012,8418.77,1689.21,908.13,672.54
5/20/2012,8469.11,1680.14,903.47,663.27
5/21/2012,8284.89,1732.36,888.33,693.4
5/22/2012,8331.32,1734.54,887,687.18
5/26/2012,8268.64,1727.84,910.33,679.46
5/27/2012,8504.08,1695.25,893.06,669.51
5/28/2012,8474.85,1692.01,906.83,662.95
5/29/2012,8422.04,1750.43,919.14,696.32
6/1/2012,8292.13,1731.08,942.87,676.47
6/2/2012,8277.32,1751.79,944.74,679.56
6/3/2012,8277.32,1774.33,931.76,691.83
6/4/2012,8473.49,1828.68,942.46,719.53
6/5/2012,8300.02,1836.8,940.09,726.07
6/8/2012,8403.8,1825.92,939.14,719.88
6/9/2012,8500.33,1850.02,942.43,732.97
6/10/2012,8721.44,1849.42,939.15,730.27
6/11/2012,8740.87,1842.4,944.89,722.84
6/12/2012,8675.28,1860.13,946.21,723.98
6/15/2012,8750.24,1853.08,923.72,716.28
6/16/2012,8763.13,1862.37,911.97,717.27
6/17/2012,8764.49,1858.8,910.71,719.29
6/18/2012,8763.06,1816.38,918.37,698.12
6/19/2012,8739.02,1796.18,921.23,687.55
6/22/2012,8770.92,1808.06,893.04,689.97
6/23/2012,8799.26,1807.72,895.1,693.73
6/24/2012,8612.13,1827.47,900.94,697.07
6/25/2012,8504.67,1766.19,920.26,670.91
6/26/2012,8497.18,1764.92,918.9,666.79
6/29/2012,8555.6,1792.34,927.23,672.77
6/30/2012,8539.73,1829.54,919.32,691.77
7/1/2012,8339.01,1838.22,923.33,696.9
7/2/2012,8322.91,1844.06,896.42,691.83
7/3/2012,8299.86,1835.04,896.42,688.15
7/6/2012,8472.4,1845.72,898.72,703.48
7/7/2012,8438.39,1796.52,881.03,674.06
7/8/2012,8529.38,1796.52,879.56,674.06
7/9/2012,8447,1787.4,882.68,671.39
7/10/2012,8504.06,1746.17,879.13,657.68
7/13/2012,8280.74,1747.17,901.05,651.55
7/14/2012,8280.74,1752.55,905.84,650.88
7/15/2012,8324.87,1756.03,932.68,653.01
7/16/2012,8163.6,1793.21,940.74,672.59
7/17/2012,8178.41,1799.73,940.38,676.85
7/20/2012,8183.17,1862.9,951.13,705.24
7/21/2012,8146.52,1885.03,954.58,714.03
7/22/2012,8331.68,1886.61,954.07,708.51
7/23/2012,8359.49,1909.29,976.29,719.4
7/24/2012,8616.21,1916.2,979.26,715.32
7/27/2012,8711.82,1926.38,982.18,719.83
7/28/2012,8743.94,1973.6,979.62,745.31
7/29/2012,8848.15,1965.96,975.15,749.59
7/30/2012,8915.94,1967.89,986.75,755.66
7/31/2012,8881.26,1975.51,987.48,757.02
8/3/2012,9069.29,1967.76,1002.63,750.3
8/4/2012,9093.24,1984.3,1005.65,766.41
8/5/2012,"9,108.51",1978.5,1002.72,766.57
8/6/2012,"9,096.72",2008.61,997.08,782.24
8/7/2012,"9,070.72",2011.31,1010.48,791.43
8/10/2012,"9,154.46",1993.05,1007.1,787.19
8/12/2012,"9,171.61",1973.16,1005.81,777.39
8/13/2012,"9,286.56",2000.25,1012.73,802.91
8/14/2012,"9,320.19",1992.24,1004.09,803.01
8/17/2012,"9,280.97",1998.72,979.73,801.89
8/18/2012,"9,256.26",2009.35,989.67,805.66
8/19/2012,"9,370.07",1985.52,996.46,789.76
8/20/2012,"9,337.95",1930.84,1007.37,765.75
8/21/2012,"9,361.61",1955.92,1026.13,778.64
8/24/2012,"9,398.19",1969.24,1025.56,784.36
8/25/2012,"9,321.40",1989.22,1028,795.82
8/26/2012,"9,135.34",2020.9,1028.12,816.01
8/27/2012,"9,217.94",2017.98,1030.98,813.47
8/28/2012,"9,279.16",2024.23,1028.93,818.17
